News_Agency,Tweet_text,Tweet_Date_Timestamp,Compound_sentiment_score,Positive_sentiment_score,Negative_sentiment_score,Neutral_sentiment_score
CBS,RT @CBSNews: Speculation over Gary Cohn's tenure in the White House ramped up last week after Pres. Trump announced the 25 percent tariff o‚Ä¶,2018-03-07 01:12:46+00:00,0.0,0.0,0.0,1.0
CBS,@CBSNews @j_breen697,2018-03-07 01:12:46+00:00,0.0,0.0,0.0,1.0
CBS,"RT @CBSNews: Amazon founder and CEO Jeff Bezos moves to top spot on Forbes' annual billionaires list, becoming the first centibillionaire o‚Ä¶",2018-03-07 01:12:49+00:00,0.3612,0.149,0.0,0.851
CBS,"RT @CBSNews: In 45 states, opioid overdoses rose 30 percent in a year, according to new data from the CDC, indicating that the U.S. is in t‚Ä¶",2018-03-07 01:12:56+00:00,0.0,0.0,0.0,1.0
CBS,@CBSNews Just sue the drug companies ( like they did in Ohio)....Yea.. that'll solve the problem,2018-03-07 01:12:56+00:00,0.1531,0.226,0.142,0.632
CBS,RT @CBSNews: CBS News investigates the mining of cobalt used in many lithium ion batteries. More than half the world's cobalt comes from th‚Ä¶,2018-03-07 01:13:04+00:00,0.0,0.0,0.0,1.0
CBS,"RT @CBSNews: In 45 states, opioid overdoses rose 30 percent in a year, according to new data from the CDC, indicating that the U.S. is in t‚Ä¶",2018-03-07 01:13:09+00:00,0.0,0.0,0.0,1.0
CBS,"@CBSNews The man restraining the woman in the photo was heard begging the woman for a Dodgers World Series victory, and a winning lotto ticket....",2018-03-07 01:13:16+00:00,0.5267,0.134,0.0,0.866
CBS,"RT @CBSNews: In 45 states, opioid overdoses rose 30 percent in a year, according to new data from the CDC, indicating that the U.S. is in t‚Ä¶",2018-03-07 01:13:20+00:00,0.0,0.0,0.0,1.0
CBS,"RT @CBSNews: In 45 states, opioid overdoses rose 30 percent in a year, according to new data from the CDC, indicating that the U.S. is in t‚Ä¶",2018-03-07 01:13:21+00:00,0.0,0.0,0.0,1.0
CBS,RT @CBSNews: The little girl who was photographed looking awestruck at Michelle Obama's portrait got to meet -- and dance -- with the forme‚Ä¶,2018-03-07 01:13:27+00:00,0.0,0.0,0.0,1.0
CBS,"RT @CBSNews: In 45 states, opioid overdoses rose 30 percent in a year, according to new data from the CDC, indicating that the U.S. is in t‚Ä¶",2018-03-07 01:13:31+00:00,0.0,0.0,0.0,1.0
CBS,"@CBSNews Let's see. Safe and supervised injection sites, prescription heroin and legal mj, crack down on doctors and pharma and stop judging.",2018-03-07 01:13:35+00:00,-0.25,0.158,0.194,0.647
CBS,@MSNBC @CNN @ABCPolitics @CBSNews @NBCPolitics  PLEASE PLEASE PLEASE stop giving Scaramucci a platform and buying into this sophomoric BS from DC and more importantly trump and the White House!!!,2018-03-07 01:13:48+00:00,0.9147,0.382,0.056,0.562
CBS,"RT @CBSNews: In 45 states, opioid overdoses rose 30 percent in a year, according to new data from the CDC, indicating that the U.S. is in t‚Ä¶",2018-03-07 01:13:50+00:00,0.0,0.0,0.0,1.0
CBS,"RT @CBSNews: In 45 states, opioid overdoses rose 30 percent in a year, according to new data from the CDC, indicating that the U.S. is in t‚Ä¶",2018-03-07 01:14:19+00:00,0.0,0.0,0.0,1.0
CBS,RT @CBSNews: Surveillance video shows a woman frantically searching for help as her Saint Bernard puppy chokes on food. Watch as first resp‚Ä¶,2018-03-07 01:15:08+00:00,-0.4019,0.1,0.199,0.701
CBS,RT @CBSNews: CBS News investigates the mining of cobalt used in many lithium ion batteries. More than half the world's cobalt comes from th‚Ä¶,2018-03-07 01:15:12+00:00,0.0,0.0,0.0,1.0
CBS,RT @CBSNews: Surveillance video shows a woman frantically searching for help as her Saint Bernard puppy chokes on food. Watch as first resp‚Ä¶,2018-03-07 01:15:16+00:00,-0.4019,0.1,0.199,0.701
CBS,RT @CBSNews: Surveillance video shows a woman frantically searching for help as her Saint Bernard puppy chokes on food. Watch as first resp‚Ä¶,2018-03-07 01:15:18+00:00,-0.4019,0.1,0.199,0.701
CBS,@CBSNews Where was the concern when the crack epidemic flooded the black and brown communities. Where was the outrage?! Oh I forgot Ya'll put it there! Ijs......,2018-03-07 01:15:22+00:00,0.0,0.0,0.0,1.0
CBS,@stormylynnlehto @CBSNews https://t.co/oVQSJd0U5T check this out,2018-03-07 01:15:29+00:00,0.0,0.0,0.0,1.0
CBS,"RT @CBSNews: ""I find it hard to believe."" Two grandsons of former U.S. president John Tyler are still around nearly 175 after Tyler became‚Ä¶",2018-03-07 01:15:35+00:00,-0.1027,0.0,0.057,0.943
CBS,@CNN @maddow @MSNBC @nytimes @NBCNews @CBSNews @abcnews @washingtonpost https://t.co/uSLbP8qHBU,2018-03-07 01:15:44+00:00,0.0,0.0,0.0,1.0
CBS,"RT @CBSNews: Amazon founder and CEO Jeff Bezos moves to top spot on Forbes' annual billionaires list, becoming the first centibillionaire o‚Ä¶",2018-03-07 01:15:45+00:00,0.3612,0.149,0.0,0.851
CBS,RT @CBSNews: Surveillance video shows a woman frantically searching for help as her Saint Bernard puppy chokes on food. Watch as first resp‚Ä¶,2018-03-07 01:15:51+00:00,-0.4019,0.1,0.199,0.701
CBS,"@CBSNews Sure there is one easy solution from the NRA playbook, the solution  to the gun problem is more guns, the solution to the opioid crisis must be more drugs.",2018-03-07 01:15:54+00:00,0.2263,0.279,0.212,0.508
CBS,RT @CBSNews: The little girl who was photographed looking awestruck at Michelle Obama's portrait got to meet -- and dance -- with the forme‚Ä¶,2018-03-07 01:16:00+00:00,0.0,0.0,0.0,1.0
CBS,RT @CBSNews: MOMENTS AGO: President Trump speaks on possible talks with North Korea https://t.co/71XSXGktQj https://t.co/f4weComftB,2018-03-07 01:16:11+00:00,0.0,0.0,0.0,1.0
CBS,"#StopAntipolonism #ReparationsForPoland #SurvivorsReveal #GermanDeathCamps  
@guardian @observer @Telegraph @USATODAY @CBSNews @CBSEveningNews @nbc @NBCUniversal @NBCNews @washingtonpost @nytimes @WSJ @AP @WashTimes @IsraeliPM @BBCWorld @CNN  @Jerusalem_Post @ronenbergman https://t.co/zyAMrebjGw",2018-03-07 01:16:11+00:00,0.0,0.0,0.0,1.0
CBS,RT @CBSNews: Surveillance video shows a woman frantically searching for help as her Saint Bernard puppy chokes on food. Watch as first resp‚Ä¶,2018-03-07 01:16:11+00:00,-0.4019,0.1,0.199,0.701
CBS,@CBSNews that was so sweet of them,2018-03-07 01:16:13+00:00,0.5949,0.392,0.0,0.608
CBS,"@FallingdownAl @CBSNews Oh you tricked me so good bro! It‚Äôs a good thing me and my magic 8 ball isn‚Äôt the special prosecutor!  Anyways, anyone with half a brain can see Donnie and his incompetent cronies are in serious legal jeopardy. Especially with a guy like Mueller on the case. Care to refute?",2018-03-07 01:16:24+00:00,0.8415,0.263,0.139,0.598
CBS,"RT @DjLots3: @Acosta Part of the govt DOES control the nation.The Dems have their very own networks-@CNN @MSNBC @CBSNews  @NBCNews @ABC
So‚Ä¶",2018-03-07 01:16:26+00:00,0.0,0.0,0.0,1.0
CBS,"Stormy Daniels sues Trump, says 'hush agreement' invalid because he never signed https://t.co/ZBwLVBb5OA @BBCBreaking @cnnbrk @MSNBC @maddow @Lawrence @FoxNews @CBSNews @CBCNews  @ABC @MariaTCardona @Morning_Joe @morningmika @IvankaTrump @realDonaldTrump @RWPUSA @SenSchumer @nbc",2018-03-07 01:16:34+00:00,0.4939,0.099,0.0,0.901
CBS,"#StopAntipolonism #ReparationsForPoland #SurvivorsReveal #GermanDeathCamps  
@guardian @observer @Telegraph @USATODAY @CBSNews @CBSEveningNews @nbc @NBCUniversal @NBCNews @washingtonpost @nytimes @WSJ @AP @WashTimes @IsraeliPM @BBCWorld @CNN  @Jerusalem_Post @ronenbergman https://t.co/54mMXA9sYq",2018-03-07 01:16:35+00:00,0.0,0.0,0.0,1.0
CBS,"RT @CBSNews: In 45 states, opioid overdoses rose 30 percent in a year, according to new data from the CDC, indicating that the U.S. is in t‚Ä¶",2018-03-07 01:16:48+00:00,0.0,0.0,0.0,1.0
CBS,RT @CBSNews: Two people have been arrested after appearing at the Texas church where more than two-dozen worshipers were gunned down and cl‚Ä¶,2018-03-07 01:16:49+00:00,-0.235,0.082,0.118,0.8
CBS,RT @CBSNews: Surveillance video shows a woman frantically searching for help as her Saint Bernard puppy chokes on food. Watch as first resp‚Ä¶,2018-03-07 01:16:57+00:00,-0.4019,0.1,0.199,0.701
CBS,RT @CBSNews: Surveillance video shows a woman frantically searching for help as her Saint Bernard puppy chokes on food. Watch as first resp‚Ä¶,2018-03-07 01:17:10+00:00,-0.4019,0.1,0.199,0.701
CBS,"RT @CBSNews: In 45 states, opioid overdoses rose 30 percent in a year, according to new data from the CDC, indicating that the U.S. is in t‚Ä¶",2018-03-07 01:17:12+00:00,0.0,0.0,0.0,1.0
CBS,@CBSNews Musically overdone but brilliant to see humans at their altruistic best.,2018-03-07 01:17:16+00:00,0.9186,0.524,0.0,0.476
CBS,"RT @CBSNews: The USS Lexington, nicknamed ""Lady Lex,"" was crippled during a battle in 1942 and was just found off the coast of Australia, 2‚Ä¶",2018-03-07 01:17:26+00:00,-0.3818,0.0,0.102,0.898
CBS,"RT @CBSNews: ""I find it hard to believe."" Two grandsons of former U.S. president John Tyler are still around nearly 175 after Tyler became‚Ä¶",2018-03-07 01:17:32+00:00,-0.1027,0.0,0.057,0.943
CBS,RT @CBSNews: Florida state Senate has approved new gun legislation in response to last month‚Äôs shooting that killed 17 people. The Marjory‚Ä¶,2018-03-07 01:17:34+00:00,-0.6249,0.098,0.24,0.662
CBS,RT @CBSNews: CBS News investigates the mining of cobalt used in many lithium ion batteries. More than half the world's cobalt comes from th‚Ä¶,2018-03-07 01:17:41+00:00,0.0,0.0,0.0,1.0
CBS,@traum_philip @ItsQueenCake @AjitPaiFCC @CBSNews I see you‚Äôre going into a mental breakdown posting random shit you found on your computer.,2018-03-07 01:17:42+00:00,-0.5574,0.0,0.175,0.825
CBS,@CBSNews https://t.co/NQ6FAcvQ2b,2018-03-07 01:17:49+00:00,0.0,0.0,0.0,1.0
CBS,"RT @CBSNews: The USS Lexington, nicknamed ""Lady Lex,"" was crippled during a battle in 1942 and was just found off the coast of Australia, 2‚Ä¶",2018-03-07 01:18:18+00:00,-0.3818,0.0,0.102,0.898
CBS,"RT @CBSNews: The northeast is bracing for round two -- a second major storm in four days; heavy snow, rain and high winds will move into th‚Ä¶",2018-03-07 01:18:21+00:00,0.0,0.0,0.0,1.0
CBS,"@CBSNews Future Socialist.   #whocares #fakenews Michele, don‚Äôt go away mad, just #goaway",2018-03-07 01:18:28+00:00,-0.4939,0.0,0.225,0.775
CBS,"RT @CBSNews: ‚ÄúThe question that we should be asking is not 'What‚Äôs wrong with that child,' it‚Äôs 'What happened to that child?' And then hav‚Ä¶",2018-03-07 01:18:31+00:00,0.3724,0.096,0.0,0.904
CBS,RT @CBSNews: Surveillance video shows a woman frantically searching for help as her Saint Bernard puppy chokes on food. Watch as first resp‚Ä¶,2018-03-07 01:18:36+00:00,-0.4019,0.1,0.199,0.701
CBS,"RT @CBSNews: In 45 states, opioid overdoses rose 30 percent in a year, according to new data from the CDC, indicating that the U.S. is in t‚Ä¶",2018-03-07 01:18:44+00:00,0.0,0.0,0.0,1.0
CBS,"RT @CBSNews: White House aide Kellyanne Conway violated the Hatch Act on two separate occasions, the Office of Special Counsel concluded, b‚Ä¶",2018-03-07 01:18:51+00:00,-0.1779,0.103,0.13,0.766
CBS,@CBSNews Will he grab it by the pu$&amp;!?,2018-03-07 01:18:52+00:00,0.0,0.0,0.0,1.0
CBS,"RT @CBSNews: ""I find it hard to believe."" Two grandsons of former U.S. president John Tyler are still around nearly 175 after Tyler became‚Ä¶",2018-03-07 01:19:08+00:00,-0.1027,0.0,0.057,0.943
CBS,"RT @CBSNews: ""I find it hard to believe."" Two grandsons of former U.S. president John Tyler are still around nearly 175 after Tyler became‚Ä¶",2018-03-07 01:19:13+00:00,-0.1027,0.0,0.057,0.943
CBS,"RT @CBSNews: White House aide Kellyanne Conway violated the Hatch Act on two separate occasions, the Office of Special Counsel concluded, b‚Ä¶",2018-03-07 01:19:14+00:00,-0.1779,0.103,0.13,0.766
CBS,"RT @CBSNews: ""I find it hard to believe."" Two grandsons of former U.S. president John Tyler are still around nearly 175 after Tyler became‚Ä¶",2018-03-07 01:19:16+00:00,-0.1027,0.0,0.057,0.943
CBS,"RT @CBSNews: White House aide Kellyanne Conway violated the Hatch Act on two separate occasions, the Office of Special Counsel concluded, b‚Ä¶",2018-03-07 01:19:26+00:00,-0.1779,0.103,0.13,0.766
CBS,"RT @CBSNews: JUST IN: Gary Cohn, Pres. Trump's top economic adviser, to resign; the exit of the Goldman Sachs alum, who has served since th‚Ä¶",2018-03-07 01:19:26+00:00,-0.1531,0.066,0.088,0.846
CBS,RT @CBSNews: Surveillance video shows a woman frantically searching for help as her Saint Bernard puppy chokes on food. Watch as first resp‚Ä¶,2018-03-07 01:19:33+00:00,-0.4019,0.1,0.199,0.701
CBS,@CBSNews It‚Äôs a start.,2018-03-07 01:19:34+00:00,0.0,0.0,0.0,1.0
CBS,RT @CBSNews: The little girl who was photographed looking awestruck at Michelle Obama's portrait got to meet -- and dance -- with the forme‚Ä¶,2018-03-07 01:19:37+00:00,0.0,0.0,0.0,1.0
CBS,@CNN @ABC @nbc @MSNBC @CBSNews the sky is falling the sky is falling the sky is falling https://t.co/N8EScen2LM,2018-03-07 01:19:42+00:00,-0.4215,0.0,0.242,0.758
CBS,RT @foodthree2: #ÂÖ®ÂõΩ‰∏§‰ºö Please pay attention to Èí±Êó∫Èí±ÂÆùwrongly-charged case.Âçó‰∫¨Ë¥™ÂÆòÂº†Êï¨ÂçéÔºå‰∏∫‰∫Ü‰æµÂêûÈí±Êó∫Èí±ÂÆùÊï∞Áôæ‰∫øËµÑ‰∫ßÔºå‰∏ÄÊâãÈÅÆÂ§©ÔºåÊ¨∫‰∏äÁûí‰∏ãÔºåÁΩÆÊï∞Áôæ‰∏áÁôæÂßì‰∫éÊ≠ªÂú∞„ÄÇËØ∑‰∏≠Â§ÆÊâìÊéâÂë®Ê∞∏Â∫∑‰ΩôÂ≠ΩÂõ¢‰ºôÔºÅ@WSJ @CBSNews‚Ä¶,2018-03-07 01:19:44+00:00,0.2263,0.197,0.12,0.684
CBS,"RT @CBSNews: In 45 states, opioid overdoses rose 30 percent in a year, according to new data from the CDC, indicating that the U.S. is in t‚Ä¶",2018-03-07 01:19:45+00:00,0.0,0.0,0.0,1.0
CBS,@CBSNews That will help with jobs. Maybe Trump should champion burger flippers,2018-03-07 01:19:50+00:00,0.765,0.398,0.0,0.602
CBS,RT @CBSNews: Florida state Senate has approved new gun legislation in response to last month‚Äôs shooting that killed 17 people. The Marjory‚Ä¶,2018-03-07 01:19:51+00:00,-0.6249,0.098,0.24,0.662
CBS,"@CBSNews @MajorCBS He's not scrapping his nuc's... You know hes educated, he knows the history of getting rid of your arsanal and U.S.",2018-03-07 01:20:05+00:00,0.0,0.0,0.0,1.0
CBS,@voxdotcom #KushnerKriminal https://t.co/xFV8UsTfjo @haaretzcom @BBCWorld @CBCWorldNews @FRANCE24 @SkyNews @guardian @Reuters @cnni #TrumpTreason @tictoc @ForeignPolicy @ABC @NBCNews @CBSNews @UniNoticias @TelemundoNews @latimes @LaOpinionLA @washingtonpost @USATODAY @NYDailyNews @MSNBC,2018-03-07 01:20:06+00:00,0.0,0.0,0.0,1.0
CBS,RT @CBSNews: Surveillance video shows a woman frantically searching for help as her Saint Bernard puppy chokes on food. Watch as first resp‚Ä¶,2018-03-07 01:20:17+00:00,-0.4019,0.1,0.199,0.701
CBS,RT @CBSNews: Surveillance video shows a woman frantically searching for help as her Saint Bernard puppy chokes on food. Watch as first resp‚Ä¶,2018-03-07 01:20:21+00:00,-0.4019,0.1,0.199,0.701
CBS,"RT @CBSNews: New numbers out today show America's opioid crisis is getting worse. In 45 states, emergency room visits for opioid overdoses‚Ä¶",2018-03-07 01:20:27+00:00,-0.8689,0.0,0.34,0.66
CBS,"RT @CBSNews: United Airlines swaps out employee bonuses with lottery, employees reportedly unhappy to get chance at cash or prizes instead‚Ä¶",2018-03-07 01:20:34+00:00,0.8225,0.377,0.093,0.53
CBS,RT @CBSNews: Surveillance video shows a woman frantically searching for help as her Saint Bernard puppy chokes on food. Watch as first resp‚Ä¶,2018-03-07 01:20:38+00:00,-0.4019,0.1,0.199,0.701
CBS,"RT @CBSNews: JUST IN: Gary Cohn, Pres. Trump's top economic adviser, to resign; the exit of the Goldman Sachs alum, who has served since th‚Ä¶",2018-03-07 01:20:46+00:00,-0.1531,0.066,0.088,0.846
CBS,"RT @CBSNews: ‚ÄúThe question that we should be asking is not 'What‚Äôs wrong with that child,' it‚Äôs 'What happened to that child?' And then hav‚Ä¶",2018-03-07 01:20:47+00:00,0.3724,0.096,0.0,0.904
CBS,@CBSNews  https://t.co/oWlkIVQe38,2018-03-07 01:21:03+00:00,0.0,0.0,0.0,1.0
CBS,@cnni @BBCBreaking @AP @Reuters @dwnews @Washingtonpost @FareedZakaria @camanpour @FoxNews @ABC @NBCNews @CBS @CBSNews @guardiannews @hrw @ariannahuff @ZDF @Le_Figaro @lemondefr @TIME @nytimesworld @latimes @WSJ @chicagotribune @LaTribune @RTLFrance @RTLde @RTLNL @HumanRightsTR https://t.co/gsrO9Essr8,2018-03-07 01:21:04+00:00,0.0,0.0,0.0,1.0
CBS,RT @CBSNews: Surveillance video shows a woman frantically searching for help as her Saint Bernard puppy chokes on food. Watch as first resp‚Ä¶,2018-03-07 01:21:12+00:00,-0.4019,0.1,0.199,0.701
CBS,@BryanBEEsmith @CBSNews @nancycordes @CBSEveningNews @WhiteHouse This is true and there‚Äôs a reason why the most incompetent people end up in bureaucratic positions in our government,2018-03-07 01:21:13+00:00,-0.1513,0.099,0.12,0.78
CBS,RT @CBSThisMorning: A @CBSNews investigation finds child labor being used in the dangerous mining of cobalt in the Democratic Republic of C‚Ä¶,2018-03-07 01:21:15+00:00,-0.4767,0.0,0.134,0.866
CBS,RT @CBSNews: The little girl who was photographed looking awestruck at Michelle Obama's portrait got to meet -- and dance -- with the forme‚Ä¶,2018-03-07 01:21:19+00:00,0.0,0.0,0.0,1.0
CBS,RT @CBSNews: Speculation over Gary Cohn's tenure in the White House ramped up last week after Pres. Trump announced the 25 percent tariff o‚Ä¶,2018-03-07 01:21:23+00:00,0.0,0.0,0.0,1.0
CBS,@CBSNews  https://t.co/rJ112zF8gp,2018-03-07 01:21:27+00:00,0.0,0.0,0.0,1.0
CBS,@CBSNews Bluewave here we come,2018-03-07 01:21:33+00:00,0.0,0.0,0.0,1.0
CBS,@CBSNews that is awesome   congrats and thanks to those first responders,2018-03-07 01:21:34+00:00,0.886,0.565,0.0,0.435
CBS,RT @CBSNews: Texas is holding the first primary of the 2018 midterm election season. Track updates here: https://t.co/TkuvTA3480 https://t.‚Ä¶,2018-03-07 01:21:39+00:00,0.0,0.0,0.0,1.0
CBS,"RT @CBSNews: In 45 states, opioid overdoses rose 30 percent in a year, according to new data from the CDC, indicating that the U.S. is in t‚Ä¶",2018-03-07 01:21:45+00:00,0.0,0.0,0.0,1.0
CBS,@cnni @BBCBreaking @AP @Reuters @dwnews @Washingtonpost @FareedZakaria @camanpour @FoxNews @ABC @NBCNews @CBS @CBSNews @guardiannews @hrw @ariannahuff @ZDF @Le_Figaro @lemondefr @TIME @nytimesworld @latimes @WSJ @chicagotribune @LaTribune @RTLFrance @RTLde @RTLNL @HumanRightsTR https://t.co/1QbydM3CZ3,2018-03-07 01:21:58+00:00,0.0,0.0,0.0,1.0
CBS,@CBSNews Humans against Cruz.,2018-03-07 01:22:13+00:00,0.0,0.0,0.0,1.0
CBS,@RichardPetty357 @CBSNews üò° Unfortunately you are absolutely correct,2018-03-07 01:22:14+00:00,-0.34,0.0,0.286,0.714
CBS,RT @CBSNews: Texas is holding the first primary of the 2018 midterm election season. Track updates here: https://t.co/TkuvTA3480 https://t.‚Ä¶,2018-03-07 01:22:22+00:00,0.0,0.0,0.0,1.0
CBS,"@GilJime07552359 @washingtonpost @latimes @nytimes @BostonGlobe @AP @Reuters @CNN @MSNBC @abcnews @ABCWorldNews @NBCNews @CBSNews @Christy__P @tedlieu @EdKrassen @krassenstein @mrmgrady Last time I checked, no one we know dodged the draft (snowflake) but the TWIT - in - Chief, oh yah, his feet hurt so he Couldn't go to Vietnam.....",2018-03-07 01:22:23+00:00,-0.7351,0.0,0.126,0.874
CBS,RT @CBSNews: Surveillance video shows a woman frantically searching for help as her Saint Bernard puppy chokes on food. Watch as first resp‚Ä¶,2018-03-07 01:22:24+00:00,-0.4019,0.1,0.199,0.701
CBS,RT @CBSNews: Surveillance video shows a woman frantically searching for help as her Saint Bernard puppy chokes on food. Watch as first resp‚Ä¶,2018-03-07 01:22:25+00:00,-0.4019,0.1,0.199,0.701
CBS,@CBSNews Heroes,2018-03-07 01:22:29+00:00,0.5106,0.767,0.0,0.233
CBS,RT @CBSNews: CBS News investigates the mining of cobalt used in many lithium ion batteries. More than half the world's cobalt comes from th‚Ä¶,2018-03-07 01:22:29+00:00,0.0,0.0,0.0,1.0
BBC,"RT @ajplus: ""Doctors aren't listening to us.""

Serena Williams, who had a pulmonary embolism while giving birth, told @BBC doctors aren't p‚Ä¶",2018-03-07 00:57:16+00:00,0.34,0.107,0.0,0.893
BBC,"RT @ajplus: ""Doctors aren't listening to us.""

Serena Williams, who had a pulmonary embolism while giving birth, told @BBC doctors aren't p‚Ä¶",2018-03-07 00:57:27+00:00,0.34,0.107,0.0,0.893
BBC,"RT @ajplus: ""Doctors aren't listening to us.""

Serena Williams, who had a pulmonary embolism while giving birth, told @BBC doctors aren't p‚Ä¶",2018-03-07 00:57:33+00:00,0.34,0.107,0.0,0.893
BBC,"RT @ajplus: ""Doctors aren't listening to us.""

Serena Williams, who had a pulmonary embolism while giving birth, told @BBC doctors aren't p‚Ä¶",2018-03-07 00:57:50+00:00,0.34,0.107,0.0,0.893
BBC,"RT @ajplus: ""Doctors aren't listening to us.""

Serena Williams, who had a pulmonary embolism while giving birth, told @BBC doctors aren't p‚Ä¶",2018-03-07 00:57:55+00:00,0.34,0.107,0.0,0.893
BBC,"RT @ajplus: ""Doctors aren't listening to us.""

Serena Williams, who had a pulmonary embolism while giving birth, told @BBC doctors aren't p‚Ä¶",2018-03-07 00:58:34+00:00,0.34,0.107,0.0,0.893
BBC,"RT @ajplus: ""Doctors aren't listening to us.""

Serena Williams, who had a pulmonary embolism while giving birth, told @BBC doctors aren't p‚Ä¶",2018-03-07 00:58:41+00:00,0.34,0.107,0.0,0.893
BBC,"@WalesRugby Another sport sold off by the @BBC, any chance of a rebate from our tv licence fee???.",2018-03-07 00:58:52+00:00,0.3695,0.137,0.0,0.863
BBC,"RT @ajplus: ""Doctors aren't listening to us.""

Serena Williams, who had a pulmonary embolism while giving birth, told @BBC doctors aren't p‚Ä¶",2018-03-07 00:58:57+00:00,0.34,0.107,0.0,0.893
BBC,"RT @ajplus: ""Doctors aren't listening to us.""

Serena Williams, who had a pulmonary embolism while giving birth, told @BBC doctors aren't p‚Ä¶",2018-03-07 00:58:58+00:00,0.34,0.107,0.0,0.893
BBC,"RT @ajplus: ""Doctors aren't listening to us.""

Serena Williams, who had a pulmonary embolism while giving birth, told @BBC doctors aren't p‚Ä¶",2018-03-07 00:59:05+00:00,0.34,0.107,0.0,0.893
BBC,"RT @ajplus: ""Doctors aren't listening to us.""

Serena Williams, who had a pulmonary embolism while giving birth, told @BBC doctors aren't p‚Ä¶",2018-03-07 00:59:13+00:00,0.34,0.107,0.0,0.893
BBC,"RT @ajplus: ""Doctors aren't listening to us.""

Serena Williams, who had a pulmonary embolism while giving birth, told @BBC doctors aren't p‚Ä¶",2018-03-07 00:59:32+00:00,0.34,0.107,0.0,0.893
BBC,"RT @ajplus: ""Doctors aren't listening to us.""

Serena Williams, who had a pulmonary embolism while giving birth, told @BBC doctors aren't p‚Ä¶",2018-03-07 00:59:41+00:00,0.34,0.107,0.0,0.893
BBC,@dgatterdam @BBC @hu_jia ÊîæÂ±Å,2018-03-07 00:59:50+00:00,0.0,0.0,0.0,1.0
BBC,RT @idamaria_pacino: @ioTSC @AFP @CNBC @nytimes @BBC @bobdylan #idampan #SuntVerbaRerum #Marvel #MCU #TonyStiCazzi #RDJ #VincentVanFuckland‚Ä¶,2018-03-07 01:00:05+00:00,0.0,0.0,0.0,1.0
BBC,RT @ioTSC: @idamaria_pacino @AFP @CNBC @nytimes @BBC @bobdylan #idampan #idaTELL #PAN #idaCrowley #idaKant #Kant #SHE #DC #MARVEL  #Invisib‚Ä¶,2018-03-07 01:00:10+00:00,0.0,0.0,0.0,1.0
BBC,RT @ImPAN0: @idamaria_pacino @ioTSC @AFP @CNBC @nytimes @BBC @bobdylan #idampan #idamariapan #idealeconcepts #RDJ #Disney #MCU #PerezPaz #S‚Ä¶,2018-03-07 01:00:14+00:00,0.0,0.0,0.0,1.0
BBC,"RT @ajplus: ""Doctors aren't listening to us.""

Serena Williams, who had a pulmonary embolism while giving birth, told @BBC doctors aren't p‚Ä¶",2018-03-07 01:00:17+00:00,0.34,0.107,0.0,0.893
BBC,RT @idamaria_pacino: @ImPAN0 @ioTSC @AFP @CNBC @nytimes @BBC @bobdylan #idampan #idaKhan #idaBruce #IndioPerez #RDJ #JComey #BruceLee #Spre‚Ä¶,2018-03-07 01:00:19+00:00,0.0,0.0,0.0,1.0
BBC,"RT @BBC: ‚ù§Ô∏è Just adorable. 
How would you react if your daughter won an Oscar? 
#TheSilentChild #Oscars https://t.co/ienD3dDtKX",2018-03-07 01:00:20+00:00,0.7845,0.301,0.0,0.699
BBC,RT @idamaria_pacino: @ImPAN0 @ioTSC @AFP @CNBC @nytimes @BBC @bobdylan @RobertDowneyJr @Marvel #idampan #idaTELL #RDJ #StalkerStark #Marvel‚Ä¶,2018-03-07 01:00:23+00:00,0.0,0.0,0.0,1.0
BBC,RT @idamaria_pacino: @ImPAN0 @ioTSC @AFP @CNBC @nytimes @BBC @bobdylan @RobertDowneyJr @Marvel @idamariapan1 @impxyz #idampan #idaTELL #RDJ‚Ä¶,2018-03-07 01:00:27+00:00,0.0,0.0,0.0,1.0
BBC,"RT @ajplus: ""Doctors aren't listening to us.""

Serena Williams, who had a pulmonary embolism while giving birth, told @BBC doctors aren't p‚Ä¶",2018-03-07 01:00:28+00:00,0.34,0.107,0.0,0.893
BBC,RT @ioTSC: @idamaria_pacino @ImPAN0 @AFP @CNBC @nytimes @BBC @bobdylan @RobertDowneyJr @Marvel @idamariapan1 @impxyz @lux_chiara @RobertIge‚Ä¶,2018-03-07 01:00:32+00:00,0.0,0.0,0.0,1.0
BBC,"RT @ajplus: ""Doctors aren't listening to us.""

Serena Williams, who had a pulmonary embolism while giving birth, told @BBC doctors aren't p‚Ä¶",2018-03-07 01:00:34+00:00,0.34,0.107,0.0,0.893
BBC,RT @ioTSC: @idamaria_pacino @ImPAN0 @AFP @CNBC @nytimes @BBC @bobdylan @RobertDowneyJr @Marvel @idamariapan1 @impxyz @lux_chiara @RobertIge‚Ä¶,2018-03-07 01:00:35+00:00,0.0,0.0,0.0,1.0
BBC,RT @idamaria_pacino: @ioTSC @ImPAN0 @AFP @CNBC @nytimes @BBC @bobdylan @RobertDowneyJr @Marvel @idamariapan1 @impxyz @lux_chiara @RobertIge‚Ä¶,2018-03-07 01:00:39+00:00,0.0,0.0,0.0,1.0
BBC,"RT @ajplus: ""Doctors aren't listening to us.""

Serena Williams, who had a pulmonary embolism while giving birth, told @BBC doctors aren't p‚Ä¶",2018-03-07 01:00:42+00:00,0.34,0.107,0.0,0.893
BBC,RT @ioTSC: @idamaria_pacino @ImPAN0 @AFP @CNBC @nytimes @BBC @bobdylan @RobertDowneyJr @Marvel @idamariapan1 @impxyz @lux_chiara @RobertIge‚Ä¶,2018-03-07 01:00:44+00:00,0.0,0.0,0.0,1.0
BBC,RT @ioTSC: @idamaria_pacino @ImPAN0 @AFP @CNBC @nytimes @BBC @bobdylan @RobertDowneyJr @Marvel @idamariapan1 @impxyz @lux_chiara @RobertIge‚Ä¶,2018-03-07 01:00:50+00:00,0.0,0.0,0.0,1.0
BBC,RT @idamaria_pacino: @ioTSC @ImPAN0 @AFP @CNBC @nytimes @BBC @bobdylan @RobertDowneyJr @Marvel @idamariapan1 @impxyz @lux_chiara @RobertIge‚Ä¶,2018-03-07 01:00:54+00:00,0.0,0.0,0.0,1.0
BBC,"RT @ajplus: ""Doctors aren't listening to us.""

Serena Williams, who had a pulmonary embolism while giving birth, told @BBC doctors aren't p‚Ä¶",2018-03-07 01:00:55+00:00,0.34,0.107,0.0,0.893
BBC,"RT @ajplus: ""Doctors aren't listening to us.""

Serena Williams, who had a pulmonary embolism while giving birth, told @BBC doctors aren't p‚Ä¶",2018-03-07 01:00:56+00:00,0.34,0.107,0.0,0.893
BBC,RT @idamaria_pacino: @ioTSC @ImPAN0 @AFP @CNBC @nytimes @BBC @bobdylan @RobertDowneyJr @Marvel @idamariapan1 @impxyz @lux_chiara @RobertIge‚Ä¶,2018-03-07 01:00:58+00:00,0.0,0.0,0.0,1.0
BBC,RT @idamaria_pacino: @ioTSC @AFP @CNBC @nytimes @BBC @bobdylan #idampan #idaLennon #Lennon #RobertDowneyJr #Zuckerberg #Trump #DC #Imagine‚Ä¶,2018-03-07 01:01:04+00:00,0.0,0.0,0.0,1.0
BBC,RT @ioTSC: @idamaria_pacino @AFP @CNBC @nytimes @BBC @bobdylan #idampan #idaTELL #idaAristo #idaLennon #JohnLennon #idaCrowley #AleisterCro‚Ä¶,2018-03-07 01:01:07+00:00,0.0,0.0,0.0,1.0
BBC,"RT @ajplus: ""Doctors aren't listening to us.""

Serena Williams, who had a pulmonary embolism while giving birth, told @BBC doctors aren't p‚Ä¶",2018-03-07 01:01:28+00:00,0.34,0.107,0.0,0.893
BBC,"RT @ajplus: ""Doctors aren't listening to us.""

Serena Williams, who had a pulmonary embolism while giving birth, told @BBC doctors aren't p‚Ä¶",2018-03-07 01:01:49+00:00,0.34,0.107,0.0,0.893
BBC,@BBC should never change!,2018-03-07 01:01:58+00:00,0.0,0.0,0.0,1.0
BBC,"RT @ajplus: ""Doctors aren't listening to us.""

Serena Williams, who had a pulmonary embolism while giving birth, told @BBC doctors aren't p‚Ä¶",2018-03-07 01:01:59+00:00,0.34,0.107,0.0,0.893
BBC,"RT @ajplus: ""Doctors aren't listening to us.""

Serena Williams, who had a pulmonary embolism while giving birth, told @BBC doctors aren't p‚Ä¶",2018-03-07 01:02:05+00:00,0.34,0.107,0.0,0.893
BBC,"RT @ajplus: ""Doctors aren't listening to us.""

Serena Williams, who had a pulmonary embolism while giving birth, told @BBC doctors aren't p‚Ä¶",2018-03-07 01:02:17+00:00,0.34,0.107,0.0,0.893
BBC,"RT @ajplus: ""Doctors aren't listening to us.""

Serena Williams, who had a pulmonary embolism while giving birth, told @BBC doctors aren't p‚Ä¶",2018-03-07 01:02:18+00:00,0.34,0.107,0.0,0.893
BBC,"@otivar55 @BBC Yes, we supported a united Ireland. But @montie ignores it was the left who called for ""troops out"", we didn't want a single working class kid to die for Britain's first and last colony, and we engaged with republicans in support of a political, rather than military, solution.",2018-03-07 01:02:28+00:00,0.8062,0.255,0.119,0.626
BBC,"RT @ajplus: ""Doctors aren't listening to us.""

Serena Williams, who had a pulmonary embolism while giving birth, told @BBC doctors aren't p‚Ä¶",2018-03-07 01:02:31+00:00,0.34,0.107,0.0,0.893
BBC,"RT @ajplus: ""Doctors aren't listening to us.""

Serena Williams, who had a pulmonary embolism while giving birth, told @BBC doctors aren't p‚Ä¶",2018-03-07 01:02:50+00:00,0.34,0.107,0.0,0.893
BBC,"RT @ajplus: ""Doctors aren't listening to us.""

Serena Williams, who had a pulmonary embolism while giving birth, told @BBC doctors aren't p‚Ä¶",2018-03-07 01:03:03+00:00,0.34,0.107,0.0,0.893
BBC,"RT @ajplus: ""Doctors aren't listening to us.""

Serena Williams, who had a pulmonary embolism while giving birth, told @BBC doctors aren't p‚Ä¶",2018-03-07 01:03:15+00:00,0.34,0.107,0.0,0.893
BBC,"RT @ajplus: ""Doctors aren't listening to us.""

Serena Williams, who had a pulmonary embolism while giving birth, told @BBC doctors aren't p‚Ä¶",2018-03-07 01:03:30+00:00,0.34,0.107,0.0,0.893
BBC,"RT @ajplus: ""Doctors aren't listening to us.""

Serena Williams, who had a pulmonary embolism while giving birth, told @BBC doctors aren't p‚Ä¶",2018-03-07 01:03:33+00:00,0.34,0.107,0.0,0.893
BBC,"RT @ajplus: ""Doctors aren't listening to us.""

Serena Williams, who had a pulmonary embolism while giving birth, told @BBC doctors aren't p‚Ä¶",2018-03-07 01:03:40+00:00,0.34,0.107,0.0,0.893
BBC,"RT @Plinkleton: @caitoz don't you think when  @BBC 's Jane standly predicted collapse of WTC7 22 minutes before it happened, it showed us a‚Ä¶",2018-03-07 01:03:46+00:00,-0.4939,0.0,0.122,0.878
BBC,"RT @ajplus: ""Doctors aren't listening to us.""

Serena Williams, who had a pulmonary embolism while giving birth, told @BBC doctors aren't p‚Ä¶",2018-03-07 01:03:48+00:00,0.34,0.107,0.0,0.893
BBC,"RT @ajplus: ""Doctors aren't listening to us.""

Serena Williams, who had a pulmonary embolism while giving birth, told @BBC doctors aren't p‚Ä¶",2018-03-07 01:03:53+00:00,0.34,0.107,0.0,0.893
BBC,"RT @ajplus: ""Doctors aren't listening to us.""

Serena Williams, who had a pulmonary embolism while giving birth, told @BBC doctors aren't p‚Ä¶",2018-03-07 01:03:59+00:00,0.34,0.107,0.0,0.893
BBC,"RT @ajplus: ""Doctors aren't listening to us.""

Serena Williams, who had a pulmonary embolism while giving birth, told @BBC doctors aren't p‚Ä¶",2018-03-07 01:04:08+00:00,0.34,0.107,0.0,0.893
BBC,"RT @ajplus: ""Doctors aren't listening to us.""

Serena Williams, who had a pulmonary embolism while giving birth, told @BBC doctors aren't p‚Ä¶",2018-03-07 01:04:58+00:00,0.34,0.107,0.0,0.893
BBC,"RT @ajplus: ""Doctors aren't listening to us.""

Serena Williams, who had a pulmonary embolism while giving birth, told @BBC doctors aren't p‚Ä¶",2018-03-07 01:04:59+00:00,0.34,0.107,0.0,0.893
BBC,"Dear @bbccomedy @BBC time to commission series 4 of #TwoDoorsDown and while you‚Äôre at it give us a series 5. Bless you BBC, if not Christine will be fucking raging. https://t.co/GcS3MqmbRL",2018-03-07 01:05:10+00:00,0.1796,0.154,0.105,0.741
BBC,"RT @ajplus: ""Doctors aren't listening to us.""

Serena Williams, who had a pulmonary embolism while giving birth, told @BBC doctors aren't p‚Ä¶",2018-03-07 01:05:16+00:00,0.34,0.107,0.0,0.893
BBC,"RT @ajplus: ""Doctors aren't listening to us.""

Serena Williams, who had a pulmonary embolism while giving birth, told @BBC doctors aren't p‚Ä¶",2018-03-07 01:05:52+00:00,0.34,0.107,0.0,0.893
BBC,"RT @ajplus: ""Doctors aren't listening to us.""

Serena Williams, who had a pulmonary embolism while giving birth, told @BBC doctors aren't p‚Ä¶",2018-03-07 01:06:15+00:00,0.34,0.107,0.0,0.893
BBC,"RT @ajplus: ""Doctors aren't listening to us.""

Serena Williams, who had a pulmonary embolism while giving birth, told @BBC doctors aren't p‚Ä¶",2018-03-07 01:06:26+00:00,0.34,0.107,0.0,0.893
BBC,"RT @ajplus: ""Doctors aren't listening to us.""

Serena Williams, who had a pulmonary embolism while giving birth, told @BBC doctors aren't p‚Ä¶",2018-03-07 01:06:54+00:00,0.34,0.107,0.0,0.893
BBC,"RT @ajplus: ""Doctors aren't listening to us.""

Serena Williams, who had a pulmonary embolism while giving birth, told @BBC doctors aren't p‚Ä¶",2018-03-07 01:07:02+00:00,0.34,0.107,0.0,0.893
BBC,"RT @EK_EuropeanMove: @daisymplewis @13sarahmurphy @BBC Totally agree that Dimbleby has played a dangerous role here, both on the night thro‚Ä¶",2018-03-07 01:07:18+00:00,0.2716,0.214,0.128,0.659
BBC,"RT @daisymplewis: @13sarahmurphy .@BBC have a very large share of the blame. 

From 5.30 announcement by Dimbleby saying ‚Äúthat‚Äôs it we‚Äôre o‚Ä¶",2018-03-07 01:07:31+00:00,0.0202,0.104,0.101,0.796
BBC,"RT @ajplus: ""Doctors aren't listening to us.""

Serena Williams, who had a pulmonary embolism while giving birth, told @BBC doctors aren't p‚Ä¶",2018-03-07 01:08:13+00:00,0.34,0.107,0.0,0.893
BBC,"RT @ajplus: ""Doctors aren't listening to us.""

Serena Williams, who had a pulmonary embolism while giving birth, told @BBC doctors aren't p‚Ä¶",2018-03-07 01:08:29+00:00,0.34,0.107,0.0,0.893
BBC,"RT @ajplus: ""Doctors aren't listening to us.""

Serena Williams, who had a pulmonary embolism while giving birth, told @BBC doctors aren't p‚Ä¶",2018-03-07 01:09:11+00:00,0.34,0.107,0.0,0.893
BBC,"RT @ajplus: ""Doctors aren't listening to us.""

Serena Williams, who had a pulmonary embolism while giving birth, told @BBC doctors aren't p‚Ä¶",2018-03-07 01:10:11+00:00,0.34,0.107,0.0,0.893
BBC,"RT @ajplus: ""Doctors aren't listening to us.""

Serena Williams, who had a pulmonary embolism while giving birth, told @BBC doctors aren't p‚Ä¶",2018-03-07 01:10:46+00:00,0.34,0.107,0.0,0.893
BBC,"RT @SteveLawrence_: The @BBC has put the entertainment value of airing xenophobic populist voices, like Farage, ahead of its primary role a‚Ä¶",2018-03-07 01:11:07+00:00,0.7717,0.288,0.0,0.712
BBC,"RT @ajplus: ""Doctors aren't listening to us.""

Serena Williams, who had a pulmonary embolism while giving birth, told @BBC doctors aren't p‚Ä¶",2018-03-07 01:11:16+00:00,0.34,0.107,0.0,0.893
BBC,"RT @ajplus: ""Doctors aren't listening to us.""

Serena Williams, who had a pulmonary embolism while giving birth, told @BBC doctors aren't p‚Ä¶",2018-03-07 01:11:19+00:00,0.34,0.107,0.0,0.893
BBC,"RT @BBC: ‚ù§Ô∏è Just adorable. 
How would you react if your daughter won an Oscar? 
#TheSilentChild #Oscars https://t.co/ienD3dDtKX",2018-03-07 01:11:36+00:00,0.7845,0.301,0.0,0.699
BBC,"RT @ajplus: ""Doctors aren't listening to us.""

Serena Williams, who had a pulmonary embolism while giving birth, told @BBC doctors aren't p‚Ä¶",2018-03-07 01:12:15+00:00,0.34,0.107,0.0,0.893
BBC,@MrStuartNicoll @EK_EuropeanMove @y2kshack @bcomininvisible @Bournemouth4EU @daisymplewis @13sarahmurphy @BBC @MentornMedia @tinopolisgroup But his employer is making huge bucks through the low ¬£ etc. Is that legal?,2018-03-07 01:12:16+00:00,0.1779,0.141,0.078,0.781
BBC,"RT @burohappold: Thrilled to hear #NorthernSpire is being featured on TV again tonight, this time on @BBC Inside Out North East at 7.30pm -‚Ä¶",2018-03-07 01:12:28+00:00,0.4404,0.112,0.0,0.888
BBC,"RT @ajplus: ""Doctors aren't listening to us.""

Serena Williams, who had a pulmonary embolism while giving birth, told @BBC doctors aren't p‚Ä¶",2018-03-07 01:12:35+00:00,0.34,0.107,0.0,0.893
BBC,"RT @ajplus: ""Doctors aren't listening to us.""

Serena Williams, who had a pulmonary embolism while giving birth, told @BBC doctors aren't p‚Ä¶",2018-03-07 01:13:15+00:00,0.34,0.107,0.0,0.893
BBC,"RT @ajplus: ""Doctors aren't listening to us.""

Serena Williams, who had a pulmonary embolism while giving birth, told @BBC doctors aren't p‚Ä¶",2018-03-07 01:13:17+00:00,0.34,0.107,0.0,0.893
BBC,"RT @ajplus: ""Doctors aren't listening to us.""

Serena Williams, who had a pulmonary embolism while giving birth, told @BBC doctors aren't p‚Ä¶",2018-03-07 01:14:14+00:00,0.34,0.107,0.0,0.893
BBC,RT @21WIRE: This is the scene which @guardian @CNN @BBC never wanted us to see - they wanted Al Nusra maniacs running Sharia courts in #Ale‚Ä¶,2018-03-07 01:14:40+00:00,-0.296,0.0,0.084,0.916
BBC,Wouldn't you like to have an #ElectricVehicle that could charge in 10 minutes? (via @BBC): https://t.co/yDAPfElNU9,2018-03-07 01:15:08+00:00,-0.2755,0.0,0.123,0.877
BBC,"RT @ajplus: ""Doctors aren't listening to us.""

Serena Williams, who had a pulmonary embolism while giving birth, told @BBC doctors aren't p‚Ä¶",2018-03-07 01:15:08+00:00,0.34,0.107,0.0,0.893
BBC,Enjoy this quick clip from our episode of @TopGear_BBCA! You can see more of the #Redshift and many other vehicles by watching the full episode on @BBC https://t.co/cfIfTllP9V,2018-03-07 01:15:52+00:00,0.5411,0.115,0.0,0.885
BBC,"@adamgarriereal @TheManilaTimes @iMthinkingPinoy @PTVph @UN @AP @FoxNews @CNN @BBC @ABC @infowars
@TheEllenShow @AC360 @pcoogov

https://t.co/6XbhmgQIY8",2018-03-07 01:16:32+00:00,0.0,0.0,0.0,1.0
BBC,"RT @ajplus: ""Doctors aren't listening to us.""

Serena Williams, who had a pulmonary embolism while giving birth, told @BBC doctors aren't p‚Ä¶",2018-03-07 01:17:49+00:00,0.34,0.107,0.0,0.893
BBC,"RT @ajplus: ""Doctors aren't listening to us.""

Serena Williams, who had a pulmonary embolism while giving birth, told @BBC doctors aren't p‚Ä¶",2018-03-07 01:17:53+00:00,0.34,0.107,0.0,0.893
BBC,"RT @ajplus: ""Doctors aren't listening to us.""

Serena Williams, who had a pulmonary embolism while giving birth, told @BBC doctors aren't p‚Ä¶",2018-03-07 01:18:11+00:00,0.34,0.107,0.0,0.893
BBC,"RT @ajplus: ""Doctors aren't listening to us.""

Serena Williams, who had a pulmonary embolism while giving birth, told @BBC doctors aren't p‚Ä¶",2018-03-07 01:18:29+00:00,0.34,0.107,0.0,0.893
BBC,"RT @ajplus: ""Doctors aren't listening to us.""

Serena Williams, who had a pulmonary embolism while giving birth, told @BBC doctors aren't p‚Ä¶",2018-03-07 01:18:38+00:00,0.34,0.107,0.0,0.893
BBC,"RT @ajplus: ""Doctors aren't listening to us.""

Serena Williams, who had a pulmonary embolism while giving birth, told @BBC doctors aren't p‚Ä¶",2018-03-07 01:19:05+00:00,0.34,0.107,0.0,0.893
BBC,"RT @ajplus: ""Doctors aren't listening to us.""

Serena Williams, who had a pulmonary embolism while giving birth, told @BBC doctors aren't p‚Ä¶",2018-03-07 01:19:26+00:00,0.34,0.107,0.0,0.893
BBC,"RT @ajplus: ""Doctors aren't listening to us.""

Serena Williams, who had a pulmonary embolism while giving birth, told @BBC doctors aren't p‚Ä¶",2018-03-07 01:19:40+00:00,0.34,0.107,0.0,0.893
BBC,"RT @ajplus: ""Doctors aren't listening to us.""

Serena Williams, who had a pulmonary embolism while giving birth, told @BBC doctors aren't p‚Ä¶",2018-03-07 01:19:43+00:00,0.34,0.107,0.0,0.893
BBC,"RT @ajplus: ""Doctors aren't listening to us.""

Serena Williams, who had a pulmonary embolism while giving birth, told @BBC doctors aren't p‚Ä¶",2018-03-07 01:21:12+00:00,0.34,0.107,0.0,0.893
BBC,"RT @ajplus: ""Doctors aren't listening to us.""

Serena Williams, who had a pulmonary embolism while giving birth, told @BBC doctors aren't p‚Ä¶",2018-03-07 01:22:22+00:00,0.34,0.107,0.0,0.893
CNN,@TrumpsMyHomeboy @CNN @DICKS @Academy https://t.co/yAdp4JSOK6,2018-03-07 01:21:39+00:00,0.0,0.0,0.0,1.0
CNN,@cellinoatt @MrsPerrin @seanhannity @JulianAssange @wikileaks @CNN @NBCNews @nytimes @washingtonpost #BWAHAHAHAHAHA,2018-03-07 01:21:40+00:00,0.0,0.0,0.0,1.0
CNN,"RT @CNN: A HUD employee wrote a blistering open letter to Secretary Ben Carson, accusing him of participating in a ""smear campaign"" against‚Ä¶",2018-03-07 01:21:41+00:00,-0.4939,0.0,0.189,0.811
CNN,"@CNN New @WhiteHouse title, Ehtics Violator @KellyannePolls.",2018-03-07 01:21:41+00:00,-0.5267,0.0,0.362,0.638
CNN,"@TheDennisDavis @browardsheriff @CNN When you have to announce you‚Äôre a leader, generally means your not.",2018-03-07 01:21:41+00:00,0.0,0.0,0.0,1.0
CNN,@rolandsmartin @tvonetv @ThisWeekABC @GStephanopoulos @MSNBC @CNN I wrote my feelings about canceling @newsone when I filled out my Neilson rating surveys. #RollingwithRoland,2018-03-07 01:21:43+00:00,0.0,0.0,0.0,1.0
CNN,RT @CNN: Fox wants to shave the advertising on its networks to two minutes per hour https://t.co/aQOw9vJgpO https://t.co/OHatiLZP8s,2018-03-07 01:21:44+00:00,0.0,0.0,0.0,1.0
CNN,@CNN I've already named my toilet after him.,2018-03-07 01:21:44+00:00,0.0,0.0,0.0,1.0
CNN,RT @CNN: A Kansas man pleaded guilty in state court to killing a engineer from India and injuring two others at a sports bar in February 20‚Ä¶,2018-03-07 01:21:44+00:00,-0.802,0.0,0.247,0.753
CNN,RT @CNN: A Kansas man pleaded guilty in state court to killing a engineer from India and injuring two others at a sports bar in February 20‚Ä¶,2018-03-07 01:21:44+00:00,-0.802,0.0,0.247,0.753
CNN,"RT @CNN: The powerful ""bomb cyclone"" that battered the Northeast over the weekend also uncovered the wreckage of a ship that could date bac‚Ä¶",2018-03-07 01:21:45+00:00,-0.1027,0.104,0.119,0.778
CNN,"RT @CNN: Barbie unveils dolls based on real-life figures including Amelia Earhart, Frida Kahlo, Katherine Johnson and Chloe Kim ahead of #I‚Ä¶",2018-03-07 01:21:45+00:00,0.0,0.0,0.0,1.0
CNN,"RT @Jali_Cat: @CNN @Acosta @CNN &amp; @Acosta stands out daily with all the fake news y‚Äôall spew. ü§Æü§Æü§Æü§Æ

WE DONT NEED GLOBALIST IN OUR GOVERNMEN‚Ä¶",2018-03-07 01:21:47+00:00,-0.4767,0.0,0.114,0.886
CNN,"@USAPatriot1980 @JoelLefurgey @CNN No its you actually. If you don't like CNN and you don't watch them why would you troll their tl? And if you feel that strongly about it why not at least offer a cogent argument for/against the subject? Rather than the tired ""maga"" or ""fake news"" one liners.",2018-03-07 01:21:47+00:00,-0.877,0.035,0.219,0.747
CNN,@CNN @CNNOpinion How is this news except around CNN. You talk about prejudiced comments...like a jealous 5 yr. old,2018-03-07 01:21:48+00:00,-0.7096,0.0,0.282,0.718
CNN,@realDonaldTrump @larry_kudlow please do not risk your career !! @CNN,2018-03-07 01:21:49+00:00,0.5716,0.37,0.0,0.63
CNN,"Dear @cnn: ""Globalist"" means a Jewish person. Please relay this to your on air talent.",2018-03-07 01:21:49+00:00,0.7717,0.412,0.0,0.588
CNN,@csm3d @CNN Said no one.,2018-03-07 01:21:50+00:00,-0.296,0.0,0.355,0.645
CNN,"RT @CNN: Barbie unveils dolls based on real-life figures including Amelia Earhart, Frida Kahlo, Katherine Johnson and Chloe Kim ahead of #I‚Ä¶",2018-03-07 01:21:51+00:00,0.0,0.0,0.0,1.0
CNN,"RT @CNN: This little girl was completely awestruck by Michelle Obama's portrait and believes that the former first lady is ""a queen"" https:‚Ä¶",2018-03-07 01:21:51+00:00,0.0,0.0,0.0,1.0
CNN,RT @CNN: Genetic testing company 23andMe has been give federal approval to sell at-home kits that test for three breast cancer gene mutatio‚Ä¶,2018-03-07 01:21:52+00:00,-0.3182,0.109,0.154,0.737
CNN,@samshanghai @AndrewVernonDC @CNN @CNNOpinion A Lot of their problems one could argue are inherently self inflicted.  It is up to them to fix their problems not the US.,2018-03-07 01:21:52+00:00,-0.7783,0.0,0.245,0.755
CNN,"@CamilleHarper12 @notadeplorable2 @CNN @realDonaldTrump Prob true, but one can hope.",2018-03-07 01:21:52+00:00,0.6956,0.418,0.0,0.582
CNN,@CNN I put in my application üíØüíØüíØ,2018-03-07 01:21:52+00:00,0.0,0.0,0.0,1.0
CNN,"RT @CNN: Barbie unveils dolls based on real-life figures including Amelia Earhart, Frida Kahlo, Katherine Johnson and Chloe Kim ahead of #I‚Ä¶",2018-03-07 01:21:53+00:00,0.0,0.0,0.0,1.0
CNN,RT @CNN: Senate Majority Leader Mitch McConnell broke his silence and denounced President Trump's threat to place controversial tariffs on‚Ä¶,2018-03-07 01:21:55+00:00,-0.7906,0.0,0.32,0.68
CNN,"@Chairmnoomowmow @CNN Wait did someone use the words ""ethics"" &amp; ""lawyer"" in same sentence? ROFL!",2018-03-07 01:21:58+00:00,0.7206,0.317,0.0,0.683
CNN,"RT @CNN: A HUD employee wrote a blistering open letter to Secretary Ben Carson, accusing him of participating in a ""smear campaign"" against‚Ä¶",2018-03-07 01:21:58+00:00,-0.4939,0.0,0.189,0.811
CNN,"RT @CNN: White House aide Kellyanne Conway violated the Hatch Act on two occasions by ""advocating for and against candidates"" in last year'‚Ä¶",2018-03-07 01:21:58+00:00,-0.5267,0.0,0.134,0.866
CNN,"RT @CNN: ""Dumpster fire"" is in the Merriam-Webster dictionary now, defined as ""an utterly calamitous or mismanaged situation or occurrence""‚Ä¶",2018-03-07 01:21:59+00:00,-0.4588,0.0,0.182,0.818
CNN,@CNN  https://t.co/agLt4ghc2D,2018-03-07 01:22:00+00:00,0.0,0.0,0.0,1.0
CNN,RT @CNN: Fox wants to shave the advertising on its networks to two minutes per hour https://t.co/aQOw9vJgpO https://t.co/OHatiLZP8s,2018-03-07 01:22:01+00:00,0.0,0.0,0.0,1.0
CNN,@LisaLlinaresWol @EdKrassen @CNN The only person that speaks the truth! What are you afraid of! The real TRUTH? Is propaganda your truth? üò†,2018-03-07 01:22:01+00:00,0.7634,0.3,0.07,0.63
CNN,"RT @TheDennisDavis: @browardsheriff We could check Snopes or watch @CNN both more likely to get it correct than your dept, lead by Sheriff‚Ä¶",2018-03-07 01:22:02+00:00,0.0,0.0,0.0,1.0
CNN,@CNN The SPACE Act of 2015 has opened the opportunity to lay claim to the priceless rare earth elements locked in asteroids. Make your own claim today to an asteroid or exoplanet worth billions: https://t.co/Zz6fNmnJR4 https://t.co/T66km3n6xf,2018-03-07 01:22:04+00:00,0.5719,0.121,0.0,0.879
CNN,@CNN carson was trying to squash his 30k couch....,2018-03-07 01:22:05+00:00,0.0,0.0,0.0,1.0
CNN,@CNN  Trump listens to NO ONE!  It doesn‚Äôt matter who his advisors are!,2018-03-07 01:22:05+00:00,-0.5294,0.07,0.225,0.704
CNN,@CNN Duh üôÑ,2018-03-07 01:22:05+00:00,0.0,0.0,0.0,1.0
CNN,@pamelaval @eloisapiloto @fedxjetmech @USNJack @RightWingAngel @RedNationRising @RealMattCouch @hockywizrd @navyjack @CNN @KPikklefield I think that unreasonable confiscation or using false or spurious information to obtain a warrant is criminal but that does not seem to be the case according to the sources in the newspaper article. We must must strike the balance between Public Safety and Inalienable Rights.,2018-03-07 01:22:05+00:00,0.1901,0.062,0.066,0.872
CNN,"RT @CNN: Yes, Mr. President, there is total chaos in your White House | Analysis by @CillizzaCNN https://t.co/OgZSfbwg6m https://t.co/XyeoS‚Ä¶",2018-03-07 01:22:06+00:00,-0.25,0.121,0.165,0.714
CNN,"RT @CNN: Jeffrey Toobin: ""Gary Cohn made a big show of being disgusted with the President's behavior after Charlottesville"" and said he mig‚Ä¶",2018-03-07 01:22:06+00:00,-0.5267,0.0,0.139,0.861
CNN,RT @harshit0000000m: @CNN  https://t.co/agLt4ghc2D,2018-03-07 01:22:06+00:00,0.0,0.0,0.0,1.0
CNN,@MugClubBear @CNN November 19. You're Welcome.,2018-03-07 01:22:06+00:00,0.4588,0.375,0.0,0.625
CNN,RT @CNN: McDonald's announces that Quarter Pounders in every US store except for ones in Hawaii and Alaska will have fresh beef starting in‚Ä¶,2018-03-07 01:22:06+00:00,0.3182,0.091,0.0,0.909
CNN,"RT @CNN: Barbie unveils dolls based on real-life figures including Amelia Earhart, Frida Kahlo, Katherine Johnson and Chloe Kim ahead of #I‚Ä¶",2018-03-07 01:22:07+00:00,0.0,0.0,0.0,1.0
CNN,RT @CNN: Jacob Moore is the first man to accuse former USA Gymnastics team doctor Larry Nassar of abuse. He says he doesn't want other male‚Ä¶,2018-03-07 01:22:07+00:00,-0.7369,0.0,0.239,0.761
CNN,"RT @Jali_Cat: @CNN @Acosta @CNN &amp; @Acosta stands out daily with all the fake news y‚Äôall spew. ü§Æü§Æü§Æü§Æ

WE DONT NEED GLOBALIST IN OUR GOVERNMEN‚Ä¶",2018-03-07 01:22:08+00:00,-0.4767,0.0,0.114,0.886
CNN,"RT @Jali_Cat: @CNN @Acosta @CNN &amp; @Acosta stands out daily with all the fake news y‚Äôall spew. ü§Æü§Æü§Æü§Æ

WE DONT NEED GLOBALIST IN OUR GOVERNMEN‚Ä¶",2018-03-07 01:22:08+00:00,-0.4767,0.0,0.114,0.886
CNN,"RT @CNN: A HUD employee wrote a blistering open letter to Secretary Ben Carson, accusing him of participating in a ""smear campaign"" against‚Ä¶",2018-03-07 01:22:09+00:00,-0.4939,0.0,0.189,0.811
CNN,@CNN evil trump,2018-03-07 01:22:09+00:00,-0.6597,0.0,0.688,0.312
CNN,@CNN Treason.,2018-03-07 01:22:10+00:00,-0.4404,0.0,0.744,0.256
CNN,"@CNN So the false narrative that he was strictly targeting gays was wrong? 

You mean the media was wrong again?",2018-03-07 01:22:10+00:00,-0.7622,0.0,0.267,0.733
CNN,@marafafito @twpolk @lrozen @CNN @nytimes Do you have a link to the Times piece?,2018-03-07 01:22:12+00:00,0.0,0.0,0.0,1.0
CNN,@CNN See the @DetroitPistons,2018-03-07 01:22:12+00:00,0.0,0.0,0.0,1.0
CNN,"RT @LindaClawson3: @Chairmnoomowmow @CNN Wait did someone use the words ""ethics"" &amp; ""lawyer"" in same sentence? ROFL!",2018-03-07 01:22:12+00:00,0.7206,0.287,0.0,0.713
CNN,"@CNN With no added antibotics, hormones?",2018-03-07 01:22:12+00:00,-0.296,0.0,0.306,0.694
CNN,"RT @CNN: A HUD employee wrote a blistering open letter to Secretary Ben Carson, accusing him of participating in a ""smear campaign"" against‚Ä¶",2018-03-07 01:22:13+00:00,-0.4939,0.0,0.189,0.811
CNN,RT @CNN: Senate Majority Leader Mitch McConnell broke his silence and denounced President Trump's threat to place controversial tariffs on‚Ä¶,2018-03-07 01:22:13+00:00,-0.7906,0.0,0.32,0.68
CNN,@msnbc @cnn @maddow @RepAdamSchiff @RepSwalwell @SenBlumenthal @Lawrence Let me take not so wild guess: Nunes was involved. https://t.co/McJieMBd0D,2018-03-07 01:22:15+00:00,0.0,0.0,0.0,1.0
CNN,RT @CNN: A Kansas man pleaded guilty in state court to killing a engineer from India and injuring two others at a sports bar in February 20‚Ä¶,2018-03-07 01:22:16+00:00,-0.802,0.0,0.247,0.753
CNN,@staywokeco @the1truepatri0t @Seribus2 @ABC @CNN Go learn how the country works before trying to argue.,2018-03-07 01:22:16+00:00,-0.34,0.0,0.146,0.854
CNN,@CNN We have a pulse!,2018-03-07 01:22:16+00:00,0.0,0.0,0.0,1.0
CNN,@flt587 @CNN Or cry about Russia and investigate that every time the sun comes up?  Excuse me. Just sneezed. It‚Äôs Russia‚Äôs fault. Do you mind if I open an investigation on that? Hungry kids are next I promise.,2018-03-07 01:22:17+00:00,-0.5514,0.086,0.148,0.766
CNN,"RT @CNN: Barbie unveils dolls based on real-life figures including Amelia Earhart, Frida Kahlo, Katherine Johnson and Chloe Kim ahead of #I‚Ä¶",2018-03-07 01:22:17+00:00,0.0,0.0,0.0,1.0
CNN,@CNN Lol they‚Äôre caving to @Wendys‚Äô abuse,2018-03-07 01:22:18+00:00,-0.34,0.233,0.35,0.417
CNN,RT @CNN: Facebook robots may one day follow you around at home https://t.co/uWWZFu26gw https://t.co/5K5Assr8py,2018-03-07 01:22:18+00:00,0.0,0.0,0.0,1.0
CNN,"RT @CNN: Dumpster fire (noun): ""An utterly calamitous or mismanaged situation or occurrence,"" as the Merriam-Webster dictionary now defines‚Ä¶",2018-03-07 01:22:18+00:00,-0.4588,0.0,0.19,0.81
CNN,"RT @CNN: A HUD employee wrote a blistering open letter to Secretary Ben Carson, accusing him of participating in a ""smear campaign"" against‚Ä¶",2018-03-07 01:22:18+00:00,-0.4939,0.0,0.189,0.811
CNN,"@CynTiaLarge @CNN You were eating frozen beef. This is just the ""never frozen, always refrigerated"" beef Wendy's has had for years.",2018-03-07 01:22:19+00:00,0.0,0.0,0.0,1.0
CNN,@CNN Why the bullet-proof vest???,2018-03-07 01:22:20+00:00,0.0,0.0,0.0,1.0
CNN,"@GilJime07552359 @washingtonpost @latimes @nytimes @BostonGlobe @AP @Reuters @CNN @MSNBC @abcnews @ABCWorldNews @NBCNews @CBSNews @Christy__P @tedlieu @EdKrassen @krassenstein @mrmgrady Last time I checked, no one we know dodged the draft (snowflake) but the TWIT - in - Chief, oh yah, his feet hurt so he Couldn't go to Vietnam.....",2018-03-07 01:22:23+00:00,-0.7351,0.0,0.126,0.874
CNN,"RT @seanhannity: Fake news hooker desperation. First interview people in the middle of a meltdown, now this?  Maybe fake news  @CNN should‚Ä¶",2018-03-07 01:22:23+00:00,-0.8481,0.0,0.338,0.662
CNN,"@MRGlinski @Suavebones @CuttinMaurizio @CNN Youre high as a freaking kite.
Why on earth... would ANYONE... vote Dem?
Theyve done NOTHING, for 2 YEARS.
Theyve done NOTHING BUT LOSE, for 2 YEARS.
Theyve had NO AGENDA.. for 3 YEARS.",2018-03-07 01:22:23+00:00,-0.8872,0.0,0.252,0.748
CNN,"RT @thecjpearson: Gun control advocates and @CNN never mention the everyday tragedies that happen in Chicago. 

I wonder why? Maybe because‚Ä¶",2018-03-07 01:22:24+00:00,-0.6486,0.0,0.227,0.773
CNN,"RT @CNN: A HUD employee wrote a blistering open letter to Secretary Ben Carson, accusing him of participating in a ""smear campaign"" against‚Ä¶",2018-03-07 01:22:25+00:00,-0.4939,0.0,0.189,0.811
CNN,"RT @lookner: This happened 48 hours ago. But to @CNN it's ""news"" that just has to be reported extensively today with a discussion panel. ht‚Ä¶",2018-03-07 01:22:26+00:00,0.0,0.0,0.0,1.0
CNN,"RT @CNN: A HUD employee wrote a blistering open letter to Secretary Ben Carson, accusing him of participating in a ""smear campaign"" against‚Ä¶",2018-03-07 01:22:27+00:00,-0.4939,0.0,0.189,0.811
CNN,"RT @CNN: A HUD employee wrote a blistering open letter to Secretary Ben Carson, accusing him of participating in a ""smear campaign"" against‚Ä¶",2018-03-07 01:22:27+00:00,-0.4939,0.0,0.189,0.811
CNN,@CNN Mueller is useless!,2018-03-07 01:22:29+00:00,-0.4753,0.0,0.508,0.492
CNN,"RT @EdKrassen: Sam Nunberg said that when Mueller is done, @CNN will be just fine, but Sean Hannity will be very ‚Äúembarrassed‚Äù.",2018-03-07 01:22:29+00:00,0.1027,0.062,0.0,0.938
CNN,"RT @CNN: ""I'm not going to be sent to prison. ... Do you think Robert Mueller is going to send me to prison, Erin, for this?"" Former Trump‚Ä¶",2018-03-07 01:22:30+00:00,-0.765,0.0,0.202,0.798
CNN,@CNN  https://t.co/fNfHRltT6X,2018-03-07 01:22:30+00:00,0.0,0.0,0.0,1.0
CNN,"RT @CNN: A HUD employee wrote a blistering open letter to Secretary Ben Carson, accusing him of participating in a ""smear campaign"" against‚Ä¶",2018-03-07 01:22:31+00:00,-0.4939,0.0,0.189,0.811
CNN,@kingpatrck @Steelchecker @CNN And has a girls name!,2018-03-07 01:22:31+00:00,0.0,0.0,0.0,1.0
CNN,"RT @_SierraWhiskee: Maybe if you're weren't so #Rude, 
@PressSec @SarahHuckabee would take a question from you! 
Maybe @CNN should replace‚Ä¶",2018-03-07 01:22:31+00:00,0.0,0.0,0.0,1.0
CNN,@edgiesversion @DRUDGE_REPORT @CNN @AP This guy is on the phone with his travel agent right now.,2018-03-07 01:22:35+00:00,0.0,0.0,0.0,1.0
CNN,@CNN Did he post his name or is this another unnamed source,2018-03-07 01:22:36+00:00,0.0,0.0,0.0,1.0
CNN,@CNN @jkatzy13 You think there should be another special counsel? Thought you were smart enough to see through the Republican BS.,2018-03-07 01:22:38+00:00,0.6597,0.221,0.0,0.779
CNN,@CNN  https://t.co/3TWqMETX4z,2018-03-07 01:22:38+00:00,0.0,0.0,0.0,1.0
CNN,@OfficialAntifa Because they like to suck your dick. I‚Äôm looking at you @CNN.,2018-03-07 01:22:38+00:00,-0.5719,0.134,0.332,0.535
CNN,RT @CNN: A top Amazon executive is leaving for Airbnb https://t.co/at4MPaSBwU https://t.co/kH0raUImSg,2018-03-07 01:22:38+00:00,0.3612,0.28,0.0,0.72
CNN,@CNN Wow.  Just wow,2018-03-07 01:22:39+00:00,0.8225,0.792,0.0,0.208
CNN,RT @parscale: Wow @CNN is in intensive care. Someone yell for the crash cart. America has had enough #FakeNews https://t.co/V9snIsDHBR,2018-03-07 01:22:41+00:00,0.6486,0.262,0.101,0.637
CNN,@CNN Russian collusion that's a joke CNN  ABC cbs  That's collusion,2018-03-07 01:22:42+00:00,0.296,0.196,0.0,0.804
CNN,@CNN He'll be the next Trump stooge to go.,2018-03-07 01:22:43+00:00,0.0,0.0,0.0,1.0
CNN,"RT @7bugglettes: @CNN @FloridaGovScott wants to ARM TEACHERS in Florida after 12 hours of training.
This WOMAN could be legally armed in a‚Ä¶",2018-03-07 01:22:43+00:00,0.1027,0.06,0.0,0.94
CNN,RT @CNN: Senate Majority Leader Mitch McConnell broke his silence and denounced President Trump's threat to place controversial tariffs on‚Ä¶,2018-03-07 01:22:44+00:00,-0.7906,0.0,0.32,0.68
CNN,@UngerJd @CNN That‚Äôs what you call an excuse. What‚Äôs fact is that fox crushes fake news CNN in viewership. End of discussion.,2018-03-07 01:22:44+00:00,-0.6908,0.049,0.228,0.722
CNN,RT @CNN: A Kansas man pleaded guilty in state court to killing a engineer from India and injuring two others at a sports bar in February 20‚Ä¶,2018-03-07 01:22:45+00:00,-0.802,0.0,0.247,0.753
CNN,"RT @CNN: Dumpster fire (noun): ""An utterly calamitous or mismanaged situation or occurrence,"" as the Merriam-Webster dictionary now defines‚Ä¶",2018-03-07 01:22:45+00:00,-0.4588,0.0,0.19,0.81
Fox,@edhenry Turned on @TuckerCarlson to catch your report #perfecttiming @FoxNews #fairandbalanced,2018-03-07 01:21:40+00:00,0.0,0.0,0.0,1.0
Fox,RT @mikedidi1964: @FoxNews @AlexPappas I do not believe the claim,2018-03-07 01:21:40+00:00,0.0,0.0,0.0,1.0
Fox,"RT @FoxNews: Joel Payne: ‚ÄúYou look at this president, he‚Äôs failed every test of leadership.‚Äù https://t.co/h1ju5CxlZY",2018-03-07 01:21:42+00:00,-0.5106,0.0,0.18,0.82
Fox,RT @FoxNews: Steelworkers' President: @POTUS' Trade Policy Will Punish 'Evildoers' in Int'l Market  #TheStory https://t.co/QVU3sFMOfa,2018-03-07 01:21:42+00:00,-0.5267,0.0,0.195,0.805
Fox,RT @BasedBasterd: @almostjingo @wesleyfelixpsi @jasoninthehouse @AmericaNewsroom @FoxNews @MsTriaI @DropTha_Mic25 @nameredacted5 @Nick_Falc‚Ä¶,2018-03-07 01:21:45+00:00,0.0,0.0,0.0,1.0
Fox,"@FoxNews @POTUS And in the real news...
https://t.co/KlZr1wZn4V",2018-03-07 01:21:45+00:00,0.0,0.0,0.0,1.0
Fox,RT @FoxNews: WATCH: Police and firefighters used their life-saving skills to save a 9-week-old Saint Bernard puppy that was choking on its‚Ä¶,2018-03-07 01:21:46+00:00,0.0516,0.127,0.119,0.754
Fox,Dems' and Women's March leaders ties to Farrakhan come under fire https://t.co/EFHHS3Etdb via the @FoxNews Android app,2018-03-07 01:21:46+00:00,-0.34,0.0,0.13,0.87
Fox,@disings @FoxNews It‚Äôs about time!,2018-03-07 01:21:46+00:00,0.0,0.0,0.0,1.0
Fox,@FoxNews @Sen_JoeManchin Only saying that because of midterm elections in a state Trump won. He voted against Trump on major legislation.üíóüíó,2018-03-07 01:21:47+00:00,0.5719,0.163,0.0,0.837
Fox,"RT @LotusOak: Watch @RobertKennedyJr on @FoxNews with @TuckerCarlson: Time To Question #Vaccines
https://t.co/p7jzbY06zp
https://t.co/VLgJn‚Ä¶",2018-03-07 01:21:48+00:00,0.0,0.0,0.0,1.0
Fox,"RT @FoxNews: .@RepRatcliffe: ‚ÄúA second special counsel is not just appropriate, but necessary.‚Äù #TheStory https://t.co/iUyIBUPYIr",2018-03-07 01:21:48+00:00,0.2144,0.117,0.0,0.883
Fox,@FoxNews @POTUS But that‚Äôs is NOT a thing. We need more Renewable Energy jobs. Not Coal and Steel. Sorry but it‚Äôs true. Trump is killing those jobs.,2018-03-07 01:21:49+00:00,-0.4331,0.156,0.209,0.635
Fox,"RT @FoxNews: .@POTUS: ""The Russians had no impact on our votes whatsoever, but certainly there was meddling...You have to be really watchin‚Ä¶",2018-03-07 01:21:49+00:00,0.3612,0.126,0.065,0.81
Fox,RT @kimguilfoyle: Coming up on #TheFive:  North Korea indicates willingness to talk to U.S. and halt nuclear tests... @FoxNews,2018-03-07 01:21:49+00:00,0.2732,0.104,0.0,0.896
Fox,@squidlimerick @FoxNews @MarkCGlaze @NRA You compare UK school shootings to American school shootings but you don‚Äôt address the person only addressing the weapon of choice. This didn‚Äôt happen after 9/11. Handguns kill more in America why aren‚Äôt you going for those?,2018-03-07 01:21:49+00:00,-0.8847,0.0,0.193,0.807
Fox,@FoxNews @POTUS Fox would interview a homeless person off the street if he sided with Trump on any issue,2018-03-07 01:21:49+00:00,0.0,0.0,0.0,1.0
Fox,"RT @FoxNews: Stoneman Douglas High School student Kyle Kashuv: ‚ÄúWe have to focus first on what we can achieve, and that is bipartisan chang‚Ä¶",2018-03-07 01:21:50+00:00,0.0,0.0,0.0,1.0
Fox,"RT @FoxNews: .@PressSec: ‚ÄúThese men represent the very best of America, and remind us why it‚Äôs so important to make sure our great veterans‚Ä¶",2018-03-07 01:21:50+00:00,0.9225,0.399,0.0,0.601
Fox,RT @EricTrump: Congratulations @FoxNews: Fox has 15 of the top 20 shows with @SeanHannity and @TuckerCarlson leading the pack at 1st and 2n‚Ä¶,2018-03-07 01:21:50+00:00,0.6908,0.213,0.0,0.787
Fox,RT @FoxNews: Steelworkers' President: @POTUS' Trade Policy Will Punish 'Evildoers' in Int'l Market  #TheStory https://t.co/QVU3sFMOfa,2018-03-07 01:21:53+00:00,-0.5267,0.0,0.195,0.805
Fox,RT @FoxNews: .@RepPeteKing: ‚ÄúI‚Äôve never supported a special counsel before. I think in this case it is essential that there be one‚Ä¶There‚Äôs‚Ä¶,2018-03-07 01:21:53+00:00,-0.4973,0.0,0.19,0.81
Fox,RT @FoxNews: .@JudgeJeanine: ‚ÄúCitizenship is a privilege. We don‚Äôt grant it to people because they think they deserve it.‚Äù https://t.co/Mvt‚Ä¶,2018-03-07 01:21:55+00:00,0.6124,0.227,0.0,0.773
Fox,"RT @FoxNews: Jimmy Kimmel's 'divisive,' politically charged Oscars could be least watched in history https://t.co/a6x7VfGsKD",2018-03-07 01:21:55+00:00,-0.2023,0.0,0.114,0.886
Fox,"RT @FoxNews: .@marcorubio: ""This tragedy is the result of a massive multi-systemic failure - a failure involving federal agencies, state ag‚Ä¶",2018-03-07 01:21:55+00:00,-0.9001,0.0,0.423,0.577
Fox,RT @FoxNews: Steelworkers' President: @POTUS' Trade Policy Will Punish 'Evildoers' in Int'l Market  #TheStory https://t.co/QVU3sFMOfa,2018-03-07 01:21:56+00:00,-0.5267,0.0,0.195,0.805
Fox,"RT @FoxNews: .@RepGoodlatte: ""In order to set the record straight, clear what is going on at the @FBI, and make sure this does not happen a‚Ä¶",2018-03-07 01:21:56+00:00,0.7003,0.228,0.0,0.772
Fox,@EricTrump @realDonaldTrump @FoxNews @seanhannity @TuckerCarlson Sit down the world is laughing at you. Get a real job like sweeping floors in the white house. If you can pass the security clearance that is.,2018-03-07 01:21:57+00:00,0.7964,0.218,0.0,0.782
Fox,RT @mergerguy: @FoxNews @JohnS222325  https://t.co/VLjKHHHYTw,2018-03-07 01:21:57+00:00,0.0,0.0,0.0,1.0
Fox,@cnni @BBCBreaking @AP @Reuters @dwnews @Washingtonpost @FareedZakaria @camanpour @FoxNews @ABC @NBCNews @CBS @CBSNews @guardiannews @hrw @ariannahuff @ZDF @Le_Figaro @lemondefr @TIME @nytimesworld @latimes @WSJ @chicagotribune @LaTribune @RTLFrance @RTLde @RTLNL @HumanRightsTR https://t.co/1QbydM3CZ3,2018-03-07 01:21:58+00:00,0.0,0.0,0.0,1.0
Fox,RT @Vern_Eli: @FoxNews @ScottWalker @WalkerDaily https://t.co/95fZGAmMH0,2018-03-07 01:21:58+00:00,0.0,0.0,0.0,1.0
Fox,RT @FoxNews: .@RepMattGaetz: ‚ÄúWe will learn a lot of very helpful things from the inspector general‚Äôs report but then we need to use that i‚Ä¶,2018-03-07 01:21:59+00:00,0.2609,0.082,0.0,0.918
Fox,@di8285502 @TillieDiesel @melissae777 @Kimzjourney @CheekyM18628616 @blp3 @EricTrump @FoxNews @seanhannity @TuckerCarlson Lol I'd be proud to be a fake account that knows what the hatch act is and if someone representing the white house uses their official position to promote Ivanka Trump's brand on national television is clearly violating the hatch act. Stop drinking the coolaid,2018-03-07 01:22:01+00:00,0.34,0.167,0.131,0.701
Fox,"RT @FoxNews: Stoneman Douglas High School student Kyle Kashuv: ‚ÄúWe have to focus first on what we can achieve, and that is bipartisan chang‚Ä¶",2018-03-07 01:22:01+00:00,0.0,0.0,0.0,1.0
Fox,@EricTrump @FoxNews @seanhannity @TuckerCarlson Fox News aka Faux News the fake news that only morons believe!,2018-03-07 01:22:02+00:00,-0.69,0.0,0.289,0.711
Fox,"@edhenry @TuckerCarlson @FoxNews Good segment on Tucker. You're absolutely right, but it's the same thing, every single day with these leftists in the media and on Capitol Hill---complete denial of their own responsibility for the For the last election.",2018-03-07 01:22:04+00:00,0.2382,0.049,0.0,0.951
Fox,"RT @FoxNews: Stoneman Douglas High School student Kyle Kashuv: ‚ÄúWe have to focus first on what we can achieve, and that is bipartisan chang‚Ä¶",2018-03-07 01:22:04+00:00,0.0,0.0,0.0,1.0
Fox,RT @FoxNews: Steelworkers' President: @POTUS' Trade Policy Will Punish 'Evildoers' in Int'l Market  #TheStory https://t.co/QVU3sFMOfa,2018-03-07 01:22:05+00:00,-0.5267,0.0,0.195,0.805
Fox,"RT @TrumpsBlonde: BR E A K I N G üö®üö®üö®
Gowdy, Goodlatte demand appointment of special counsel, citing FISA abuses via the @FoxNews App https:‚Ä¶",2018-03-07 01:22:06+00:00,-0.34,0.113,0.214,0.672
Fox,"@HeatherChilders @FredFleitz @POTUS @FoxFriendsFirst @FoxNews @rebeccagrantdc NKorea done this n past to alleviate sanctions. They want untenable security guarantees, they still have the brain power to carry on n future Nuke/missile tests and development. keep with sanctions while we have em by the balls!",2018-03-07 01:22:06+00:00,0.4574,0.091,0.0,0.909
Fox,RT @EricTrump: Congratulations @FoxNews: Fox has 15 of the top 20 shows with @SeanHannity and @TuckerCarlson leading the pack at 1st and 2n‚Ä¶,2018-03-07 01:22:06+00:00,0.6908,0.213,0.0,0.787
Fox,RT @FoxNews: WATCH: Police and firefighters used their life-saving skills to save a 9-week-old Saint Bernard puppy that was choking on its‚Ä¶,2018-03-07 01:22:06+00:00,0.0516,0.127,0.119,0.754
Fox,"RT @FoxNews: Gowdy, Goodlatte demand appointment of special counsel, citing FISA abuses - via @brookefoxnews 
https://t.co/9q3Q3YBayU",2018-03-07 01:22:06+00:00,-0.34,0.136,0.258,0.606
Fox,Melania Trump: 'We need to change' arc of opioid crisis https://t.co/D4KwF3MAGa via the @FoxNews Android app,2018-03-07 01:22:07+00:00,-0.6249,0.0,0.215,0.785
Fox,@FoxNews @POTUS He‚Äôs so full of shit.,2018-03-07 01:22:08+00:00,-0.5945,0.0,0.392,0.608
Fox,RT @FoxNews: .@TGowdySC &amp; @RepGoodlatte Call for Special Counsel on FISA: Current Probe 'Has No Jurisdiction' Over 24 Witnesses #SpecialRep‚Ä¶,2018-03-07 01:22:09+00:00,0.128,0.118,0.096,0.786
Fox,"@FoxNews @POTUS @WhiteHouse This will be where Trump is soon, anyway... https://t.co/GwxU2wbJqo",2018-03-07 01:22:09+00:00,0.0,0.0,0.0,1.0
Fox,@Militarily @RealDanaGriffin @EricTrump @FoxNews @seanhannity @TuckerCarlson Fox literally thought they found big foot... they have never been on top,2018-03-07 01:22:10+00:00,-0.1511,0.0,0.081,0.919
Fox,"RT @FoxNews: Stoneman Douglas High School student Kyle Kashuv: ‚ÄúWe have to focus first on what we can achieve, and that is bipartisan chang‚Ä¶",2018-03-07 01:22:11+00:00,0.0,0.0,0.0,1.0
Fox,RT @FoxNews: .@RepPeteKing: ‚ÄúI‚Äôve never supported a special counsel before. I think in this case it is essential that there be one‚Ä¶There‚Äôs‚Ä¶,2018-03-07 01:22:11+00:00,-0.4973,0.0,0.19,0.81
Fox,RT @FoxNews: .@TGowdySC &amp; @RepGoodlatte Call for Special Counsel on FISA: Current Probe 'Has No Jurisdiction' Over 24 Witnesses #SpecialRep‚Ä¶,2018-03-07 01:22:11+00:00,0.128,0.118,0.096,0.786
Fox,"@FoxNews    FOX TRUMP PUTIN BS CRAP!! WHY DON'T YOU REPORT HOW MANY RUSSIANS WHERE INVOLVED WITH THE TRUMP CAMPAIGN AND BEFORE, AND HOW TRUMP IS PAYING PUTIN BY NOT PUTTING THE SANCTIONS ON. TELL THE TRUTH HOW YOU GUYS HAVE STAGED INTERVIEWS AND CREATED FALSE CONSPIRACYS, CORRUPT",2018-03-07 01:22:11+00:00,0.4619,0.118,0.062,0.82
Fox,RT @FoxNews: .@RepPeteKing: ‚ÄúI‚Äôve never supported a special counsel before. I think in this case it is essential that there be one‚Ä¶There‚Äôs‚Ä¶,2018-03-07 01:22:13+00:00,-0.4973,0.0,0.19,0.81
Fox,@FoxNews @RandPaul ur a  trumpite! since trump is a Russian sympathiser u must be also! ur a Commie! is ur payola in rubles or greenbacks! IRS wants to know,2018-03-07 01:22:17+00:00,0.0,0.0,0.0,1.0
Fox,@FoxNews Don‚Äôt pay him any mind. He‚Äôs an ignorant baboon!,2018-03-07 01:22:17+00:00,-0.4199,0.0,0.322,0.678
Fox,RT @FoxNews: Michael Flynn selling home to pay for legal fees after pleading guilty in Trump probe https://t.co/5BYJjRgKpU,2018-03-07 01:22:18+00:00,-0.4019,0.072,0.203,0.725
Fox,"RT @RandPaul: ICYMI: This morning I joined @FoxNews to discuss my Audit the Fed amendment, FISA reform and tariffs. https://t.co/tkbRVwrRqb",2018-03-07 01:22:20+00:00,0.0,0.0,0.0,1.0
Fox,"RT @Chicago1Ray: Gowdy, Goodlatte demand appointment of special counsel, citing FISA abuses https://t.co/SXcLYV8VeV via the @FoxNews

#Sess‚Ä¶",2018-03-07 01:22:20+00:00,-0.34,0.124,0.234,0.642
Fox,"RT @FoxNews: .@Sen_JoeManchin: ‚ÄúWe have a president that has the spine to start saying ‚ÄòWait a minute, we‚Äôve been taken advantage of for fa‚Ä¶",2018-03-07 01:22:21+00:00,0.25,0.087,0.0,0.913
Fox,@realDonaldTrump @SpeakerRyan @GOP @SenateMajLdr @HouseGOP @SenateGOP #MAGA @mitchellvii @FoxNews @BreitbartNews @infowars @seanhannity @NRA @EvangForTrump @VP @marcthiessen @CPAC @DLoesch https://t.co/mqxD1Dr05V,2018-03-07 01:22:21+00:00,0.0,0.0,0.0,1.0
Fox,"RT @Chicago1Ray: Gowdy, Goodlatte demand appointment of special counsel, citing FISA abuses https://t.co/SXcLYV8VeV via the @FoxNews

#Sess‚Ä¶",2018-03-07 01:22:22+00:00,-0.34,0.124,0.234,0.642
Fox,"@SebGorka @LeenieKatSTL @seanhannity @GeraldoRivera @FoxNews @FoxNewsInsider @foxnewsvideo Mayor @LibbySchaaf IS...
The #BorgQueen of the
#BayAreaüò≥üí•üò±
#Resisitance IS FUTILE,
YOU WILL #assimilateü§¨
Smhü§¶‚Äç‚ôÇÔ∏è
#Dreamers
#Illegals
#SanctuaryCity
#SanctuaryState https://t.co/VSA53XPOfR",2018-03-07 01:22:22+00:00,-0.5622,0.0,0.123,0.877
Fox,"@FoxNews Democrats promoted slavery &amp; 2nd class status for Black folk, now they're promoting 5th class status for White folk. Democrats politicians provoke division. The more genders they engender the more Democrats believe they will prosper, electorally &amp; to hell with the plebiscite.",2018-03-07 01:22:23+00:00,-0.8316,0.096,0.218,0.686
Fox,"RT @FoxNews: Stoneman Douglas High School student Kyle Kashuv: ‚ÄúWe have to focus first on what we can achieve, and that is bipartisan chang‚Ä¶",2018-03-07 01:22:24+00:00,0.0,0.0,0.0,1.0
Fox,"RT @FoxNews: .@TomiLahren: ""What‚Äôs so great about the Second Amendment is it protects those of us that can‚Äôt afford the luxury of armed sec‚Ä¶",2018-03-07 01:22:24+00:00,0.8196,0.255,0.0,0.745
Fox,@FoxNews @Sen_JoeManchin I didn‚Äôt know that avoiding draft 5x with lame and untrue bone spurs excuse by Trump is now considered ‚Äúhaving a spine‚Äù specially if we will face higher prices and loss of jobs with the trade war.,2018-03-07 01:22:25+00:00,-0.8779,0.029,0.255,0.716
Fox,"RT @kurteichenwald: Can you imagine how nuts @FoxNews would go if:
1. An Obama aide said he would ignore a grand jury subpoena.
2. Obama ta‚Ä¶",2018-03-07 01:22:25+00:00,-0.2023,0.101,0.161,0.738
Fox,@TomBurchett @starcrosswolf @rlfcars @texasnewsblog @TexasPress @TexasPoliceAssn @TexasGOP @TexasPolitica @TexasPoliceAssc @TexasNewswatch @TexasAFLCIO @AARPTX @FoxNews  https://t.co/OuEgfRHWyC,2018-03-07 01:22:25+00:00,0.0,0.0,0.0,1.0
Fox,"RT @FoxNews: Stoneman Douglas High School student Kyle Kashuv: ‚ÄúWe have to focus first on what we can achieve, and that is bipartisan chang‚Ä¶",2018-03-07 01:22:26+00:00,0.0,0.0,0.0,1.0
Fox,"@melissae777 @Kimzjourney @CheekyM18628616 @blp3 @EricTrump @FoxNews @seanhannity @TuckerCarlson oh yes if Breitbart says so, it has to be right. They checked with Alex Jones and his Infowar first to verify this, I am sure.",2018-03-07 01:22:28+00:00,0.6124,0.139,0.0,0.861
Fox,RT @FoxNews: .@TGowdySC explains why he's calling for a special counsel to investigate alleged bias and FISA abuse inside the @TheJusticeDe‚Ä¶,2018-03-07 01:22:28+00:00,-0.4404,0.107,0.221,0.672
Fox,RT @EricTrump: Congratulations @FoxNews: Fox has 15 of the top 20 shows with @SeanHannity and @TuckerCarlson leading the pack at 1st and 2n‚Ä¶,2018-03-07 01:22:29+00:00,0.6908,0.213,0.0,0.787
Fox,"@KyleKashuv @13kibber @benshapiro @RubinReport @realDailyWire Just seen you on @FoxNews .....You‚Äôre a breath of fresh air! Keep up the good work, and shame on those trying to stifle your voice! Please follow this Patriot!",2018-03-07 01:22:29+00:00,0.6458,0.207,0.077,0.716
Fox,"RT @FoxNews: .@POTUS: ""The @WhiteHouse has tremendous energy. It has tremendous spirit. It is a great place to be working...Believe me, eve‚Ä¶",2018-03-07 01:22:31+00:00,0.7845,0.305,0.0,0.695
Fox,RT @FoxNews: .@RandPaul: ‚ÄúI think the FISA court has way too much power but I also believe that special counsels are given too much power.‚Äù‚Ä¶,2018-03-07 01:22:31+00:00,0.5499,0.134,0.0,0.866
Fox,RT @FoxNews: Dating app Bumble bans guns from users' profile pictures in response to mass shootings https://t.co/RzhPT4S76K,2018-03-07 01:22:31+00:00,0.0,0.0,0.0,1.0
Fox,"@FoxNews @POTUS So glad trump personally investigated the Russian hoax that actually happened but didn't actually do anything so he will punish them by not doing anything.
Who needs intelligence agencies
Or intelligence at all?",2018-03-07 01:22:31+00:00,0.5995,0.222,0.139,0.638
Fox,"#releasetheVIDEO 
#HRCVideo 
#HRCVid 
#Hillary 
#SetTheStage
#draintheswamp 
#DeepState 
#QAnon 
#TheGreatAwakening 
@Potus @FoxNews @seanhannity https://t.co/7MZ8ZESOKQ",2018-03-07 01:22:32+00:00,0.0,0.0,0.0,1.0
Fox,RT @ConradCortez: Gowdy &amp;Goodlatte demand appointment of special counsel:citing FISA abuses @FoxNews @DallasIrey @DateanInmate @ScottPresle‚Ä¶,2018-03-07 01:22:33+00:00,-0.34,0.136,0.258,0.606
Fox,"RT @FoxNews: Kathy Barnette: ""The handprint of Christianity is all throughout the making of this great country."" https://t.co/Cch7SKohEY",2018-03-07 01:22:33+00:00,0.7073,0.223,0.0,0.777
Fox,RT @EricTrump: Congratulations @FoxNews: Fox has 15 of the top 20 shows with @SeanHannity and @TuckerCarlson leading the pack at 1st and 2n‚Ä¶,2018-03-07 01:22:33+00:00,0.6908,0.213,0.0,0.787
Fox,"@FoxNews @RepRatcliffe This is what you have on air..conspiracy BS already debunked. Hillary is paying the light bills. But nothing on all the resignations,allegations surrounding this administration. Really Fox?",2018-03-07 01:22:34+00:00,0.0,0.0,0.0,1.0
Fox,What? #NBC has such poor viewership that they don‚Äôt trust their own airwaves and must advertise on @FoxNews ? #LOL #PRICELESS,2018-03-07 01:22:34+00:00,0.1431,0.148,0.125,0.727
Fox,RT @FoxNews: .@TGowdySC explains why he's calling for a special counsel to investigate alleged bias and FISA abuse inside the @TheJusticeDe‚Ä¶,2018-03-07 01:22:35+00:00,-0.4404,0.107,0.221,0.672
Fox,RT @FoxNews: Steelworkers' President: @POTUS' Trade Policy Will Punish 'Evildoers' in Int'l Market  #TheStory https://t.co/QVU3sFMOfa,2018-03-07 01:22:35+00:00,-0.5267,0.0,0.195,0.805
Fox,@FoxNews Is @TomiLahren ready to jump in and introduce her profound knowledge in the world of economics.,2018-03-07 01:22:36+00:00,0.3612,0.135,0.0,0.865
Fox,RT @EricTrump: Congratulations @FoxNews: Fox has 15 of the top 20 shows with @SeanHannity and @TuckerCarlson leading the pack at 1st and 2n‚Ä¶,2018-03-07 01:22:38+00:00,0.6908,0.213,0.0,0.787
Fox,"RT @Chicago1Ray: Gowdy, Goodlatte demand appointment of special counsel, citing FISA abuses https://t.co/SXcLYV8VeV via the @FoxNews

#Sess‚Ä¶",2018-03-07 01:22:39+00:00,-0.34,0.124,0.234,0.642
Fox,Dem leaders and Women's March founders under fire over Farrakhan connections via the @FoxNews App https://t.co/kuAg830ZFb,2018-03-07 01:22:41+00:00,-0.34,0.0,0.138,0.862
Fox,"RT @FoxNews: .@POTUS: ""The @WhiteHouse has tremendous energy. It has tremendous spirit. It is a great place to be working...Believe me, eve‚Ä¶",2018-03-07 01:22:41+00:00,0.7845,0.305,0.0,0.695
Fox,"@FoxNews Nice talking points. Wow, the Dept of Ed shud be kommended fur teaching our kids so well.",2018-03-07 01:22:43+00:00,0.8534,0.384,0.0,0.616
Fox,RT @FoxNews: .@RepPeteKing: ‚ÄúI‚Äôve never supported a special counsel before. I think in this case it is essential that there be one‚Ä¶There‚Äôs‚Ä¶,2018-03-07 01:22:43+00:00,-0.4973,0.0,0.19,0.81
Fox,"RT @FoxNews: .@TomiLahren: ""What‚Äôs so great about the Second Amendment is it protects those of us that can‚Äôt afford the luxury of armed sec‚Ä¶",2018-03-07 01:22:43+00:00,0.8196,0.255,0.0,0.745
Fox,"RT @MMKing2014: Tuned to @FoxNews, headline says ""UK counterterrorism police investigating possible poisoning of Russian spy."" Where's the‚Ä¶",2018-03-07 01:22:44+00:00,-0.5859,0.0,0.183,0.817
Fox,@onetomidnight @FoxNews Thank You So Much!,2018-03-07 01:22:44+00:00,0.4199,0.358,0.0,0.642
Fox,@TopCat4647 @BettyBetterton @zenjen53 @EricTrump @FoxNews @seanhannity @TuckerCarlson Is that why @foxnews has to post a ‚Äúfor entertainment only‚Äù disclaimer for every ‚Äúnews‚Äù program?,2018-03-07 01:22:45+00:00,0.4215,0.118,0.0,0.882
Fox,"RT @FoxNews: .@TomiLahren: ""What‚Äôs so great about the Second Amendment is it protects those of us that can‚Äôt afford the luxury of armed sec‚Ä¶",2018-03-07 01:22:45+00:00,0.8196,0.255,0.0,0.745
Fox,"RT @FoxNews: Stoneman Douglas High School student Kyle Kashuv: ‚ÄúWe have to focus first on what we can achieve, and that is bipartisan chang‚Ä¶",2018-03-07 01:22:45+00:00,0.0,0.0,0.0,1.0
Fox,RT @littlecarrotq: @wesleyfelixpsi @kevinh07 @almostjingo @jasoninthehouse @AmericaNewsroom @FoxNews @MsTriaI @DropTha_Mic25 @nameredacted5‚Ä¶,2018-03-07 01:22:46+00:00,0.0,0.0,0.0,1.0
Fox,"RT @FoxNews: .@Sen_JoeManchin: ‚ÄúWe have a president that has the spine to start saying ‚ÄòWait a minute, we‚Äôve been taken advantage of for fa‚Ä¶",2018-03-07 01:22:47+00:00,0.25,0.087,0.0,0.913
New York times,"RT @pburelli: Mi amigo @frrodriguezc, haci√©ndose pasar por @HenriFalconLara, escribe un art√≠culo de opini√≥n en el @nytimes. En el cita una‚Ä¶",2018-03-07 01:19:04+00:00,0.0,0.0,0.0,1.0
New York times,RT @axios: @nytimes Trump has canceled a meeting with companies that use steel and aluminum that Cohn was arranging. https://t.co/Rq2V4tmR1V,2018-03-07 01:19:05+00:00,0.0,0.0,0.0,1.0
New York times,@CtBrokerRoks @sean_spicier @seanhannity @foxandfriends #StartYourImpossible #FoxNewsSunday #FoxNews #gamedev #2AShallNotBeInfringed #Tucker #FOX #MSNBC @DNC #dncLiesmatter @nytimes #AmericaFirstMedia #BrowardCowards #DouglasHighSchool,2018-03-07 01:19:14+00:00,0.0,0.0,0.0,1.0
New York times,RT @jontbath: @jfenster @nytimes @michelleinbklyn it is stunning to me when I go to national education conferences and learn about the awfu‚Ä¶,2018-03-07 01:19:14+00:00,0.3818,0.115,0.0,0.885
New York times,RT @FurmanU: Senior Sulaiman Ahmad's efforts to increase Furman student turnout at the polls is part of a @nytimes article. https://t.co/j3‚Ä¶,2018-03-07 01:19:22+00:00,0.3182,0.108,0.0,0.892
New York times,"RT @joseramirez227: Gary Cohn to Resign as Trump‚Äôs Top Economic Adviser, via @nytimes https://t.co/4X2eNqAGdN",2018-03-07 01:19:26+00:00,-0.1531,0.111,0.148,0.741
New York times,"""Why Companies and Countries Are Battling for Ascendancy in 5G"" by DON CLARK and CECILIA KANG v/ @nytimes https://t.co/oAWikPbxJh",2018-03-07 01:19:29+00:00,-0.2732,0.0,0.104,0.896
New York times,"In 2016, the @nytimes published ""What One Rape Cost Our Family"" a breakdown of how expensive reporting rape and harassment can be. What's the issue for Black survivors? Not everyone can afford such care. https://t.co/DImLI3o5MU",2018-03-07 01:19:29+00:00,-0.8934,0.069,0.28,0.651
New York times,"@seanhannity @JulianAssange @wikileaks @CNN @NBCNews @nytimes @washingtonpost ‚ÄúBy the way, Erin, you‚Äôre gonna be fine, but people like Sean Hannity, Lou Dobbs, Jeanine Pirro? They‚Äôre gonna be very embarrassed when it all comes out.‚Äù ‚Äî Sam Nunberg",2018-03-07 01:19:35+00:00,-0.0102,0.112,0.089,0.798
New York times,RT @nytimes: Here are the top officials in the Trump White House who have left https://t.co/CBoskDdasx,2018-03-07 01:19:37+00:00,0.2023,0.107,0.0,0.893
New York times,RT @nytimes: Texas primary election live results https://t.co/jVvL9hRsF8,2018-03-07 01:19:38+00:00,0.0,0.0,0.0,1.0
New York times,@TwitterMoments @nytimes AWESOME! Part of the dark establishment that has been under cutting our middle working class for decades - if you can‚Äôt fight for America get out of public office &amp; stop taking public salaries.,2018-03-07 01:19:40+00:00,0.2083,0.114,0.155,0.731
New York times,Tefaf Widens Its Focus From Maastricht to a World of #Art Collectors https://t.co/srBNqeBuTf Via @NYTimesüìåCC #NewYork #NYC #Life,2018-03-07 01:19:41+00:00,0.0,0.0,0.0,1.0
New York times,@nytimes It would be a lot more exciting to here this news coming from Ford or Toyota,2018-03-07 01:19:42+00:00,0.5413,0.189,0.0,0.811
New York times,RT @IrishRep: We üíö our ushers! Thanks to the @nytimes for featuring them. https://t.co/iq3w5pBDrM,2018-03-07 01:19:44+00:00,0.4926,0.21,0.0,0.79
New York times,@rolandscahill @nytimes This is eerily similar to Maggie's reporting on Hope Hicks' departure.,2018-03-07 01:19:45+00:00,0.4404,0.195,0.0,0.805
New York times,@camiacharniga @TwitterMoments @nytimes  https://t.co/MhS6PykwFo,2018-03-07 01:19:47+00:00,0.0,0.0,0.0,1.0
New York times,@nytimes Dubai hacked the election,2018-03-07 01:19:50+00:00,-0.4019,0.0,0.403,0.597
New York times,"RT @chakerview: @adamgoldmanNYT @nytimes If this is the Lebanese businessman, he‚Äôs got the goods. No way @JaredKusher gets out of this one,‚Ä¶",2018-03-07 01:19:52+00:00,-0.296,0.0,0.095,0.905
New York times,Adviser to Emirates With Ties to Trump Aides Is Cooperating With Special Counsel via @NYTimes https://t.co/74vDOYt7zI,2018-03-07 01:19:56+00:00,0.4019,0.153,0.0,0.847
New York times,"RT @TwitterMoments: Chief economic advisor Gary Cohn plans to resign, the @nytimes reports. In a statement, he said he was ""grateful to the‚Ä¶",2018-03-07 01:19:59+00:00,0.1531,0.118,0.094,0.787
New York times,RT @denicefrohman: Poem in the @nytimes today. üëÄüôè#HereWeAre #Oscars https://t.co/OrN2OyaCOA,2018-03-07 01:20:01+00:00,0.0,0.0,0.0,1.0
New York times,"RT @nytimes: Breaking News: Gary Cohn, President Trump‚Äôs top economic adviser, plans to resign. His free-trade views clashed with Trump‚Äôs t‚Ä¶",2018-03-07 01:20:02+00:00,-0.1531,0.078,0.103,0.819
New York times,"3. Even in @nytimes corrected ""analysis,"" which now adds earned income credit, they STILL did not give Samuel &amp; Felicity Taxpayer $1500.00 in credits for dependents! So, they are actually paying $1543 less in taxes due to #taxcutsforamerica, or #TCJA. Very sloppy partisan report.",2018-03-07 01:20:03+00:00,0.6588,0.114,0.0,0.886
New York times,"RT @mrs_pinky85: @nytimes Why do I need representation from Hollywood?

Seeing what a disgusting and hypocritical bunch they are, I'd rathe‚Ä¶",2018-03-07 01:20:03+00:00,-0.7506,0.0,0.274,0.726
New York times,"RT @MarkCM07: @nytimes Run, Jared, Run! üòÇ",2018-03-07 01:20:05+00:00,0.0,0.0,0.0,1.0
New York times,RT @Peoples_Pundit: Anyone else notice @nytimes made a monumental mistake in their report about Samuel and Felicity Taxpayer? As it turns o‚Ä¶,2018-03-07 01:20:07+00:00,-0.34,0.0,0.107,0.893
New York times,RT @nytimes: Texas primary election live results https://t.co/jVvL9hRsF8,2018-03-07 01:20:07+00:00,0.0,0.0,0.0,1.0
New York times,"RT @brittuniverse: In 2016, the @nytimes published ""What One Rape Cost Our Family"" a breakdown of how expensive reporting rape and harassme‚Ä¶",2018-03-07 01:20:09+00:00,-0.886,0.0,0.331,0.669
New York times,RT @nytimes: An adviser to the United Arab Emirates grew close to top White House aides. Now he is said to be cooperating with the special‚Ä¶,2018-03-07 01:20:12+00:00,0.5574,0.161,0.0,0.839
New York times,"@DonaldJTrumpJr @EricTrump what does it say of @realDonaldTrump judgement that he hired him. And, what does it say of you two idiots that he chose this guy over letting either of you into the campaign. @nytimes",2018-03-07 01:20:19+00:00,0.0,0.0,0.0,1.0
New York times,RT @JosephMasepoes: Now I've never been more sure that the tape is legit. CIA controlled #MockingbirdMedia @Newsweek and @nytimes both publ‚Ä¶,2018-03-07 01:20:24+00:00,-0.2912,0.0,0.098,0.902
New York times,"@rolandscahill @nytimes Every single time someone leaves WH the Times says oh this was always the plan. Every single time. Do they just not care about their own credibility, like at all?",2018-03-07 01:20:24+00:00,-0.033,0.071,0.075,0.854
New York times,@nytimes Tommy Boy?  Fat white guy everyone thinks is a moron but always saves the day.,2018-03-07 01:20:26+00:00,-0.2732,0.0,0.13,0.87
New York times,RT @nytimes: Texas primary election live results https://t.co/jVvL9hRsF8,2018-03-07 01:20:27+00:00,0.0,0.0,0.0,1.0
New York times,"RT @TwitterMoments: Chief economic advisor Gary Cohn plans to resign, the @nytimes reports. In a statement, he said he was ""grateful to the‚Ä¶",2018-03-07 01:20:31+00:00,0.1531,0.118,0.094,0.787
New York times,"RT @nytimes: Porsche has introduced a new all-electric vehicle, attempting to go head-to-head with Tesla https://t.co/XpKWkdqQQo",2018-03-07 01:20:35+00:00,0.0,0.0,0.0,1.0
New York times,RT @nytimes: Texas primary election live results https://t.co/jVvL9hRsF8,2018-03-07 01:20:40+00:00,0.0,0.0,0.0,1.0
New York times,The @nytimes did a piece on #GeorgeNader that is worthhttps://www.nytimes.com/2018/03/03/us/politics/george-nader-mueller-investigation-united-arab-emirates.htmly of a read,2018-03-07 01:20:42+00:00,0.0,0.0,0.0,1.0
New York times,"RT @nytimes: The actress Cynthia Nixon is talking with 2 veteran Democratic political operatives, a sign that she may be moving closer to a‚Ä¶",2018-03-07 01:20:43+00:00,0.0,0.0,0.0,1.0
New York times,"RT @nytimes: Porsche has introduced a new all-electric vehicle, attempting to go head-to-head with Tesla https://t.co/XpKWkdqQQo",2018-03-07 01:20:45+00:00,0.0,0.0,0.0,1.0
New York times,"RT @cwliveslife1: @_stevepatterson @adamgoldmanNYT @nytimes Yeah, we ‚Äúleftists‚Äù get pretty worked up over the lies and corruption; and gues‚Ä¶",2018-03-07 01:20:47+00:00,0.3818,0.223,0.116,0.661
New York times,RT @nytimes: An Indian-born engineer was fatally shot last year after a Kansas man angrily asked him about his immigration status and yelle‚Ä¶,2018-03-07 01:20:48+00:00,-0.7906,0.0,0.259,0.741
New York times,RT @nytimes: An adviser to the United Arab Emirates grew close to top White House aides. Now he is said to be cooperating with the special‚Ä¶,2018-03-07 01:20:51+00:00,0.5574,0.161,0.0,0.839
New York times,"RT @nytimes: Breaking News: Gary Cohn, President Trump‚Äôs top economic adviser, plans to resign. His free-trade views clashed with Trump‚Äôs t‚Ä¶",2018-03-07 01:20:51+00:00,-0.1531,0.078,0.103,0.819
New York times,RT @bingading: @elvondrake @mcspocky @AP_Politics @CNNPolitics @nprpolitics @BBCWorld @CdnPress @HuffPost @washingtonpost @nytimes @latimes‚Ä¶,2018-03-07 01:20:52+00:00,0.0,0.0,0.0,1.0
New York times,RT @QoL_mdpainter: This Hummingbird Chirps Like an Insect. Can It Hear Its Own Sound? via @NYTimes https://t.co/nOogZhuo7L,2018-03-07 01:20:52+00:00,0.3612,0.135,0.0,0.865
New York times,RT @nytimes: Texas primary election live results https://t.co/jVvL9hRsF8,2018-03-07 01:20:55+00:00,0.0,0.0,0.0,1.0
New York times,"RT @michellemalkin: Of course @nytimes has it backwards.
Speech-squelching Silicon Valley monopolies fired first salvos at conservatives.‚Ä¶",2018-03-07 01:20:57+00:00,-0.5574,0.0,0.184,0.816
New York times,@maggieNYT @ddale8 @nytimes Maggie any scoops on Kushners thoughts on this one? Thought you had inside access to the WH? No üò≠,2018-03-07 01:20:57+00:00,-0.3736,0.0,0.113,0.887
New York times,RT @nytimes: An adviser to the United Arab Emirates grew close to top White House aides. Now he is said to be cooperating with the special‚Ä¶,2018-03-07 01:21:00+00:00,0.5574,0.161,0.0,0.839
New York times,"Left to Louisiana's Tides, A Village Fights for Time

‚ÄúI hope people will see that, hey, not only are we fighting hard to exist, but, you know, maybe this place is worth saving.‚Äù
https://t.co/UeCLA6ZFuF via @nytimes https://t.co/wPAwuYG98I",2018-03-07 01:21:02+00:00,0.128,0.107,0.12,0.773
New York times,"@7675376666rhon @SenJohnMcCain @nytopinion @NickKristof @nytimes You will know when those people who playing victim now, chop your , family or neighbors‚Äô head off. You will know those people takes 4-5 wives , 3 dozen kids without any proper education or job to feed them. You will know when these people not follow local rules of law.",2018-03-07 01:21:03+00:00,-0.0772,0.033,0.038,0.929
New York times,"‚ÄúIf she can do that, she can navigate her way around an apartment.‚Äù

Really?

Good article until that statement.

@nytimes wants humility kudos for not understanding mental illness but at same time want to prove they do. Too much of that.

#mental health

https://t.co/D0j0VdKgoD",2018-03-07 01:21:03+00:00,0.6514,0.155,0.0,0.845
New York times,RT @nytimes: Evening Briefing: Here's what you need to know at the end of the day https://t.co/MAerJC6Nu4,2018-03-07 01:21:07+00:00,0.0,0.0,0.0,1.0
New York times,@nytimes I redesigned my lifestyle with weight management by refocusing on healthy food intake.  By cutting out all foods and beverages that caused me weight gain.  I was 19 and 143 lbs. now I‚Äôm 60 yrs at 106lbs.  I taught myself how to know when I am genuinely full and stop there.,2018-03-07 01:21:12+00:00,0.8225,0.181,0.065,0.754
New York times,@defensecurl @nytimes print this you cowards,2018-03-07 01:21:13+00:00,0.0,0.0,0.0,1.0
New York times,@TwitterMoments @nytimes Every single week another Trump disgraceful rat resigns,2018-03-07 01:21:16+00:00,-0.3182,0.0,0.204,0.796
New York times,@andreafarley @rickgladstone @nytimes Need a twitter handle @juliehirschfielddavis,2018-03-07 01:21:18+00:00,0.0,0.0,0.0,1.0
New York times,"RT @pburelli: Mi amigo @frrodriguezc, haci√©ndose pasar por @HenriFalconLara, escribe un art√≠culo de opini√≥n en el @nytimes. En el cita una‚Ä¶",2018-03-07 01:21:20+00:00,0.0,0.0,0.0,1.0
New York times,@rolandscahill @nytimes Not to mention he can now sell his stock tax free!,2018-03-07 01:21:21+00:00,0.5562,0.23,0.0,0.77
New York times,RT @nytimes: Here are the top officials in the Trump White House who have left https://t.co/CBoskDdasx,2018-03-07 01:21:26+00:00,0.2023,0.107,0.0,0.893
New York times,"RT @nytimes: Porsche has introduced a new all-electric vehicle, attempting to go head-to-head with Tesla https://t.co/XpKWkdqQQo",2018-03-07 01:21:26+00:00,0.0,0.0,0.0,1.0
New York times,RT @casasolag: Espectacular art√≠culo de la Presidenta @Laura_Ch en @nytimes sobre el papel de las mujeres Presidentas en Latinoam√©rica. htt‚Ä¶,2018-03-07 01:21:30+00:00,0.0,0.0,0.0,1.0
New York times,"@KatyTurNBC @SenatorMenendez @MSNBC @CNN @AriMelber @JoyAnnReid @CoryBooker @KamalaHarris @FBI @chrislhayes @maddow @PhilMurphyNJ @MaddowBlog @cnni @donlemon @News12NJ @amjoyshow @RWPUSA @FBILasVegas @NSAGov @nytimes @FBINewark @BV @MikeBloomberg @JoeNBC @morningmika @BarackObama @kasie @HillaryClinton @KeithOlbermann @chucktodd @HouseDemocrats @SenateDems @chuckschumer @SquawkAlley @TheBeatWithAri @POTUS44 @RepGutierrez @ericswalwell @mitchellreports @SenBooker @BillClinton @NancyPelosi @Lawrence @thejointstaff @GenDunford @USProgressives Though if the progressives weren't stupid they would have him representing them in the case.

Is it out of sheer ignorance, or the evilness of the mainstream media, are there tyrants within the Progressive Party?",2018-03-07 01:21:30+00:00,-0.2787,0.061,0.073,0.866
New York times,"RT @nytimes: Porsche has introduced a new all-electric vehicle, attempting to go head-to-head with Tesla https://t.co/XpKWkdqQQo",2018-03-07 01:21:36+00:00,0.0,0.0,0.0,1.0
New York times,RT @nytimes: Uber said its self-driving trucks had been carrying cargo on highways in Arizona for commercial freight customers over the pas‚Ä¶,2018-03-07 01:21:36+00:00,0.0,0.0,0.0,1.0
New York times,RT @nytimes: Keep this page open for Texas primary election results when they come in https://t.co/A2mSbaV3BH,2018-03-07 01:21:37+00:00,0.0,0.0,0.0,1.0
New York times,"@nytimes 
President Trump makes a good decision to work with Sweden's Priminister, Mr.Stefon Lofer",2018-03-07 01:21:37+00:00,0.4404,0.195,0.0,0.805
New York times,"RT @nytimes: Washington State residents are getting net neutrality rules back, with the first state law in the U.S. that prevents internet‚Ä¶",2018-03-07 01:21:38+00:00,0.0772,0.058,0.0,0.942
New York times,@frp1970exp @SomosLibresPeru @elhigadodmarita @YeniVilcatoma2 @janoolavarria @LandBonds @PeruLandBonds @Jaime211264 @nytimes @PostTSA @BonosdeVicky @VictorAndresGB @jdealthaus @augustotitojose @CIDH @Alejandra_la_1 @WSJ @KarlaSchaefer @AP @LafuerzaICA Ni un sol para los gamonales,2018-03-07 01:21:39+00:00,0.0,0.0,0.0,1.0
New York times,@cellinoatt @MrsPerrin @seanhannity @JulianAssange @wikileaks @CNN @NBCNews @nytimes @washingtonpost #BWAHAHAHAHAHA,2018-03-07 01:21:40+00:00,0.0,0.0,0.0,1.0
New York times,"RT @nytimes: Breaking News: Gary Cohn, President Trump‚Äôs top economic adviser, plans to resign. His free-trade views clashed with Trump‚Äôs t‚Ä¶",2018-03-07 01:21:43+00:00,-0.1531,0.078,0.103,0.819
New York times,RT @nytimes: Texas primary election live results https://t.co/jVvL9hRsF8,2018-03-07 01:21:46+00:00,0.0,0.0,0.0,1.0
New York times,"RT @BillWeirCNN: After the @nytimes sued @interior we now have 25,000 of emails proving that the main motivations for shrinking Bear's Ears‚Ä¶",2018-03-07 01:21:47+00:00,0.0,0.0,0.0,1.0
New York times,@jaloysius @nytimes Congratulations!!!  Well deserved!,2018-03-07 01:21:49+00:00,0.8002,0.705,0.0,0.295
New York times,RT @drcirujano1: @MovimientoRA @eluniversocom @MashiRafael @FiscaliaEcuador @gonzalezxv @POTUS @CNNEE @nytimesES @nytimes @theguardian @The‚Ä¶,2018-03-07 01:21:56+00:00,0.0,0.0,0.0,1.0
New York times,"RT @jbbeacham: Hi @nytimes. Any plans to cover #HR620, Congress's reprehensible, transparently cruel attack on the Americans With Disabilit‚Ä¶",2018-03-07 01:21:57+00:00,-0.7845,0.0,0.289,0.711
New York times,The Left Shouldn‚Äôt Be Too Proud to Meme via @NYTimes https://t.co/PnTtaI2Rt5,2018-03-07 01:21:59+00:00,0.4767,0.237,0.0,0.763
New York times,RT @rolandscahill: Don‚Äôt be used for spin @nytimes https://t.co/QGyTH0eaBs,2018-03-07 01:21:59+00:00,0.0,0.0,0.0,1.0
New York times,RT @marcorubio: #China Communist Party bans Winnie the Pooh. This is not satire. Read linked article from @nytimes  https://t.co/tpSD2YldkG,2018-03-07 01:22:00+00:00,0.4019,0.13,0.0,0.87
New York times,"RT @esoterichoppes: @nytimes ""What's your immigration status?"", shouted the colonizer. #StopHate",2018-03-07 01:22:03+00:00,0.0,0.0,0.0,1.0
New York times,@nytimes #MAGA texasful electionful livewise resultsful,2018-03-07 01:22:04+00:00,0.0,0.0,0.0,1.0
New York times,RT @nytimes: Texas primary election live results https://t.co/jVvL9hRsF8,2018-03-07 01:22:04+00:00,0.0,0.0,0.0,1.0
New York times,@nytimes I'm at Lahood headquarters,2018-03-07 01:22:08+00:00,0.0,0.0,0.0,1.0
New York times,@marafafito @twpolk @lrozen @CNN @nytimes Do you have a link to the Times piece?,2018-03-07 01:22:12+00:00,0.0,0.0,0.0,1.0
New York times,"RT @nytimes: ‚ÄúHe is a rare talent, and I thank him for his dedicated service to the American people,‚Äù President Trump said about Gary Cohn‚Ä¶",2018-03-07 01:22:13+00:00,0.8074,0.293,0.0,0.707
New York times,"@rolandscahill @nytimes Whatever, #ConManCohn. You signed on with a dog. You then supported said dog, going against your faith and all it stands for after #Charlottesville. And now, you take more of a stand for steel and aluminum than those with brown/black skin. #GaryCohn #MoneyGrubber #Hack",2018-03-07 01:22:17+00:00,0.6249,0.108,0.0,0.892
New York times,"RT @nytimes: Washington State residents are getting net neutrality rules back, with the first state law in the U.S. that prevents internet‚Ä¶",2018-03-07 01:22:17+00:00,0.0772,0.058,0.0,0.942
New York times,@BuddhaChi64 @nytimes A Buddhist who likes Trump... now that's rich...,2018-03-07 01:22:18+00:00,0.4215,0.259,0.0,0.741
New York times,"RT @nytimes: The U.N. secretary general appointed Michael Bloomberg, a prominent advocate in the fight against climate change, to be his sp‚Ä¶",2018-03-07 01:22:18+00:00,-0.0772,0.096,0.109,0.795
New York times,RT @nytimes: Texas primary election live results https://t.co/jVvL9hRsF8,2018-03-07 01:22:20+00:00,0.0,0.0,0.0,1.0
New York times,"@GilJime07552359 @washingtonpost @latimes @nytimes @BostonGlobe @AP @Reuters @CNN @MSNBC @abcnews @ABCWorldNews @NBCNews @CBSNews @Christy__P @tedlieu @EdKrassen @krassenstein @mrmgrady Last time I checked, no one we know dodged the draft (snowflake) but the TWIT - in - Chief, oh yah, his feet hurt so he Couldn't go to Vietnam.....",2018-03-07 01:22:23+00:00,-0.7351,0.0,0.126,0.874
New York times,RT @CandiceAiston: The @nytimes can go fuck itself. https://t.co/1lUkL2TS80,2018-03-07 01:22:25+00:00,-0.5423,0.0,0.304,0.696
New York times,@michaelcdeibert @d_zstr @CutyDave @Dalatrm @nytimes I don't know ISIS killing capability. But the picture that illustrates the article could well be from Raqqa also. Those killed there count as Assad death toll?,2018-03-07 01:22:25+00:00,-0.5837,0.137,0.205,0.658
New York times,RT @elvondrake: @mcspocky @AP_Politics @CNNPolitics @nprpolitics @BBCWorld @CdnPress @HuffPost @washingtonpost @nytimes @latimes @guardiann‚Ä¶,2018-03-07 01:22:36+00:00,0.0,0.0,0.0,1.0
New York times,"RT @TwitterMoments: Chief economic advisor Gary Cohn plans to resign, the @nytimes reports. In a statement, he said he was ""grateful to the‚Ä¶",2018-03-07 01:22:45+00:00,0.1531,0.118,0.094,0.787
New York times,RT @nytimes: Here are 5 memorable moments from ‚ÄúMister Rogers‚Äô Neighborhood.‚Äù PBS is marking the 50th anniversary of the premiere with a sp‚Ä¶,2018-03-07 01:22:46+00:00,0.0,0.0,0.0,1.0
New York times,RT @nytimes: Keep this page open for Texas primary election results when they come in https://t.co/A2mSbaV3BH,2018-03-07 01:22:47+00:00,0.0,0.0,0.0,1.0
New York times,@TwitterMoments @nytimes  https://t.co/uARgGLpptv,2018-03-07 01:22:48+00:00,0.0,0.0,0.0,1.0
